prefix,arpnum,t_start,t_end,label,flares,FLARE_INDEX,AREA,USFLUX,MEANGBZ,R_VALUE
TARP,10434,2004-04-11 00:00:00,2004-04-12 00:00:00,False,,0.0,1498.0,3.005e+21,42.794,0.0
TARP,3665,2000-05-22 01:36:00,2000-05-23 01:36:00,False,,0.0,10471.0,3.004e+22,54.793,0.0
TARP,3665,2000-05-27 00:00:00,2000-05-28 00:00:00,False,,0.0,6029.0,1.356e+22,44.594,2.876
TARP,4634,2000-11-14 09:36:00,2000-11-15 09:36:00,False,,0.0,12503.0,3.254e+22,45.201,3.077
TARP,9253,2003-03-15 19:12:00,2003-03-16 19:12:00,True,C7.7|X1.5,11.4,4556.0,2.905e+22,100.091,4.973
TARP,9253,2003-03-15 20:48:00,2003-03-16 20:48:00,True,C7.7|X1.5,3.0,4618.0,2.958e+22,100.283,4.965
TARP,9253,2003-03-15 22:24:00,2003-03-16 22:24:00,True,C7.7|X1.5,3.0,4641.0,2.993e+22,101.479,4.928
TARP,9253,2003-03-16 00:00:00,2003-03-17 00:00:00,True,C7.7|X1.5|C1.7,3.0,4695.0,3.046e+22,101.365,4.923
TARP,9253,2003-03-16 01:36:00,2003-03-17 01:36:00,True,C7.7|X1.5|C1.7|M1.6,3.0,4747.0,3.084e+22,101.149,4.946
TARP,9253,2003-03-16 03:12:00,2003-03-17 03:12:00,True,C7.7|X1.5|C1.7|M1.6|C4.7,3.0,4786.0,3.075e+22,96.71,4.947
TARP,9253,2003-03-16 04:48:00,2003-03-17 04:48:00,True,C7.7|X1.5|C1.7|M1.6|C4.7|C7.5,0.0,4850.0,3.076e+22,94.02,4.913
TARP,9253,2003-03-16 06:24:00,2003-03-17 06:24:00,True,C7.7|X1.5|C1.7|M1.6|C4.7|C7.5|M2.5,0.0,4928.0,3.104e+22,95.618,4.967
TARP,9253,2003-03-16 08:00:00,2003-03-17 08:00:00,True,C7.7|X1.5|C1.7|M1.6|C4.7|C7.5|M2.5|C2.1,0.0,4967.0,3.039e+22,91.484,4.897
TARP,9253,2003-03-16 09:36:00,2003-03-17 09:36:00,True,C7.7|X1.5|C1.7|M1.6|C4.7|C7.5|M2.5|C2.1,0.0,5015.0,3.033e+22,90.017,4.862
TARP,9253,2003-03-16 11:12:00,2003-03-17 11:12:00,True,C7.7|X1.5|C1.7|M1.6|C4.7|C7.5|M2.5|C2.1,0.0,5075.0,3.041e+22,88.673,4.909
TARP,9253,2003-03-16 12:48:00,2003-03-17 12:48:00,True,C7.7|X1.5|C1.7|M1.6|C4.7|C7.5|M2.5|C2.1|X1.5,0.0,5118.0,3.097e+22,91.124,4.902
TARP,9253,2003-03-16 14:24:00,2003-03-17 14:24:00,True,C7.7|X1.5|C1.7|M1.6|C4.7|C7.5|M2.5|C2.1|X1.5,0.0,5147.0,3.125e+22,90.947,4.883
TARP,9253,2003-03-16 16:00:00,2003-03-17 16:00:00,True,C7.7|X1.5|C1.7|M1.6|C4.7|C7.5|M2.5|C2.1|X1.5,0.0,5209.0,3.148e+22,88.802,4.921
TARP,9253,2003-03-16 17:36:00,2003-03-17 17:36:00,True,X1.5|C1.7|M1.6|C4.7|C7.5|M2.5|C2.1|X1.5|C2.8,7.7,5215.0,3.148e+22,87.921,4.881
TARP,9253,2003-03-16 19:12:00,2003-03-17 19:12:00,True,C1.7|M1.6|C4.7|C7.5|M2.5|C2.1|X1.5|C2.8,157.7,5225.0,3.07e+22,83.918,4.914
TARP,9253,2003-03-16 20:48:00,2003-03-17 20:48:00,True,C1.7|M1.6|C4.7|C7.5|M2.5|C2.1|X1.5|C2.8,157.7,5243.0,3.091e+22,84.271,4.909
TARP,9253,2003-03-16 22:24:00,2003-03-17 22:24:00,True,C1.7|M1.6|C4.7|C7.5|M2.5|C2.1|X1.5|C2.8|B7.5,157.7,5265.0,3.122e+22,87.45,4.928
TARP,9253,2003-03-17 00:00:00,2003-03-18 00:00:00,True,M1.6|C4.7|C7.5|M2.5|C2.1|X1.5|C2.8|B7.5|C5.1,159.4,5287.0,3.106e+22,86.739,4.858
TARP,9253,2003-03-17 01:36:00,2003-03-18 01:36:00,True,C4.7|C7.5|M2.5|C2.1|X1.5|C2.8|B7.5|C5.1|C1.5,175.4,5276.0,3.071e+22,85.857,4.883
TARP,9253,2003-03-17 03:12:00,2003-03-18 03:12:00,True,C7.5|M2.5|C2.1|X1.5|C2.8|B7.5|C5.1|C1.5|C1.7,180.1,5316.0,3.011e+22,81.967,4.925
TARP,9253,2003-03-17 04:48:00,2003-03-18 04:48:00,True,M2.5|C2.1|X1.5|C2.8|B7.5|C5.1|C1.5|C1.7,187.6,5361.0,3.002e+22,83.418,4.894
TARP,9253,2003-03-17 06:24:00,2003-03-18 06:24:00,True,C2.1|X1.5|C2.8|B7.5|C5.1|C1.5|C1.7,212.6,5390.0,2.923e+22,78.315,4.885
TARP,9253,2003-03-17 08:00:00,2003-03-18 08:00:00,True,X1.5|C2.8|B7.5|C5.1|C1.5|C1.7|M1.6,214.7,5406.0,2.913e+22,78.261,4.902
TARP,9253,2003-03-17 09:36:00,2003-03-18 09:36:00,True,X1.5|C2.8|B7.5|C5.1|C1.5|C1.7|M1.6|M3.7,214.7,5452.0,2.899e+22,77.735,4.954
TARP,9253,2003-03-17 11:12:00,2003-03-18 11:12:00,True,X1.5|C2.8|B7.5|C5.1|C1.5|C1.7|M1.6|M3.7,214.7,5442.0,2.904e+22,81.004,4.959
TARP,4565,2000-11-03 06:24:00,2000-11-04 06:24:00,False,,0.0,7374.0,1.966e+22,47.928,3.107
TARP,2497,1999-10-12 09:36:00,1999-10-13 09:36:00,True,C1.7|C5.7|C4.2|X1.8,0.0,26228.0,1.19e+23,66.121,4.836
TARP,2497,1999-10-12 11:12:00,1999-10-13 11:12:00,True,C1.7|C5.7|C4.2|X1.8,0.0,26491.0,1.207e+23,66.459,4.87
TARP,2497,1999-10-12 12:48:00,1999-10-13 12:48:00,True,C1.7|C5.7|C4.2|X1.8,0.0,26651.0,1.221e+23,67.47,4.887
TARP,2497,1999-10-12 14:24:00,1999-10-13 14:24:00,True,C1.7|C5.7|C4.2|X1.8,0.0,26912.0,1.23e+23,65.413,4.903
TARP,2497,1999-10-12 16:00:00,1999-10-13 16:00:00,True,C5.7|C4.2|X1.8,1.7,27087.0,1.243e+23,65.811,4.888
TARP,2497,1999-10-12 17:36:00,1999-10-13 17:36:00,True,C5.7|C4.2|X1.8,1.7,27131.0,1.257e+23,66.295,4.82
TARP,2497,1999-10-12 19:12:00,1999-10-13 19:12:00,True,C5.7|C4.2|X1.8,1.7,27495.0,1.275e+23,68.08,4.862
TARP,2497,1999-10-12 22:24:00,1999-10-13 22:24:00,True,C5.7|C4.2|X1.8,1.7,27831.0,1.303e+23,69.241,4.847
TARP,2497,1999-10-13 00:00:00,1999-10-14 00:00:00,True,C5.7|C4.2|X1.8|C2.7,1.7,28050.0,1.315e+23,69.738,4.888
TARP,2497,1999-10-13 01:36:00,1999-10-14 01:36:00,True,C5.7|C4.2|X1.8|C2.7|C7.4,1.7,28531.0,1.333e+23,69.947,4.922
TARP,2497,1999-10-13 03:12:00,1999-10-14 03:12:00,True,C4.2|X1.8|C2.7|C7.4,7.4,29215.0,1.36e+23,70.669,4.938
TARP,2497,1999-10-13 04:48:00,1999-10-14 04:48:00,True,X1.8|C2.7|C7.4|C2.2,11.6,29499.0,1.369e+23,70.244,4.938
TARP,2497,1999-10-13 06:24:00,1999-10-14 06:24:00,True,X1.8|C2.7|C7.4|C2.2,11.6,29714.0,1.381e+23,70.572,4.934
TARP,2497,1999-10-13 08:00:00,1999-10-14 08:00:00,True,X1.8|C2.7|C7.4|C2.2,11.6,29895.0,1.39e+23,70.735,4.839
TARP,7050,2002-01-25 22:24:00,2002-01-26 22:24:00,False,,0.0,5432.0,1.358e+22,52.017,2.869
TARP,2118,1999-07-27 09:36:00,1999-07-28 09:36:00,False,,0.0,2146.0,7.143e+21,54.993,3.116
TARP,2118,1999-07-30 04:48:00,1999-07-31 04:48:00,False,,0.0,1936.0,5.004e+21,41.734,3.451
TARP,4152,2000-08-22 22:24:00,2000-08-23 22:24:00,False,,0.0,3081.0,1.157e+22,55.065,3.942
TARP,3780,2000-06-10 19:12:00,2000-06-11 19:12:00,False,,0.0,441.0,1.114e+21,46.13,0.0
TARP,10712,2004-08-11 19:12:00,2004-08-12 19:12:00,True,C6.1|C9.9|C1.2|C2.2|C1.9|M1.2|C2.4|M1.1|C8.6|C2.3|X1.0,45.8,19385.0,9.837e+22,76.593,4.88
TARP,10712,2004-08-11 20:48:00,2004-08-12 20:48:00,True,C6.1|C9.9|C1.2|C2.2|C1.9|M1.2|C2.4|M1.1|C8.6|C2.3|X1.0,45.8,19456.0,9.862e+22,76.36,4.898
TARP,10712,2004-08-11 22:24:00,2004-08-12 22:24:00,True,C9.9|C1.2|C2.2|C1.9|M1.2|C2.4|M1.1|C8.6|C2.3|X1.0,45.2,19488.0,9.882e+22,76.314,4.861
TARP,10712,2004-08-12 00:00:00,2004-08-13 00:00:00,True,C2.2|C1.9|M1.2|C2.4|M1.1|C8.6|C2.3|X1.0|C3.5|M3.0|M2.8,56.3,19570.0,9.91e+22,76.053,4.87
TARP,10712,2004-08-12 01:36:00,2004-08-13 01:36:00,True,C1.9|M1.2|C2.4|M1.1|C8.6|C2.3|X1.0|C3.5|M3.0|M2.8,57.3,19546.0,9.928e+22,76.488,4.876
TARP,10712,2004-08-12 03:12:00,2004-08-13 03:12:00,True,M1.2|C2.4|M1.1|C8.6|C2.3|X1.0|C3.5|M3.0|M2.8,59.2,19535.0,9.975e+22,76.234,4.947
TARP,10712,2004-08-12 04:48:00,2004-08-13 04:48:00,True,M1.2|C2.4|M1.1|C8.6|C2.3|X1.0|C3.5|M3.0|M2.8|M2.4,47.2,19512.0,9.987e+22,75.854,4.904
TARP,10712,2004-08-12 06:24:00,2004-08-13 06:24:00,True,M1.2|C2.4|M1.1|C8.6|C2.3|X1.0|C3.5|M3.0|M2.8|M2.4|M7.4,45.0,19587.0,1.004e+23,75.562,4.881
TARP,10712,2004-08-12 08:00:00,2004-08-13 08:00:00,True,C2.4|M1.1|C8.6|C2.3|X1.0|C3.5|M3.0|M2.8|M2.4|M7.4|M2.3,57.0,19907.0,1.012e+23,75.208,4.834
TARP,10712,2004-08-12 09:36:00,2004-08-13 09:36:00,True,C2.4|M1.1|C8.6|C2.3|X1.0|C3.5|M3.0|M2.8|M2.4|M7.4|M2.3|C8.1,53.6,20045.0,1.015e+23,74.667,4.914
TARP,10712,2004-08-12 11:12:00,2004-08-13 11:12:00,True,M1.1|C8.6|C2.3|X1.0|C3.5|M3.0|M2.8|M2.4|M7.4|M2.3|C8.1|M3.2,53.6,20133.0,1.017e+23,74.481,4.902
TARP,10712,2004-08-12 12:48:00,2004-08-13 12:48:00,True,C8.6|C2.3|X1.0|C3.5|M3.0|M2.8|M2.4|M7.4|M2.3|C8.1|M3.2|C7.4,59.7,20119.0,1.018e+23,74.355,4.911
TARP,10712,2004-08-12 14:24:00,2004-08-13 14:24:00,True,C8.6|C2.3|X1.0|C3.5|M3.0|M2.8|M2.4|M7.4|M2.3|C8.1|M3.2|C7.4|M5.6,57.6,20337.0,1.022e+23,73.662,4.89
TARP,10712,2004-08-12 16:00:00,2004-08-13 16:00:00,True,C2.3|X1.0|C3.5|M3.0|M2.8|M2.4|M7.4|M2.3|C8.1|M3.2|C7.4|M5.6|C5.9,66.2,20373.0,1.019e+23,73.816,4.801
TARP,10712,2004-08-12 17:36:00,2004-08-13 17:36:00,True,X1.0|C3.5|M3.0|M2.8|M2.4|M7.4|M2.3|C8.1|M3.2|C7.4|M5.6|C5.9|C5.2,62.0,20433.0,1.021e+23,72.811,4.903
TARP,9974,2003-11-01 01:36:00,2003-11-02 01:36:00,True,M1.8|X2.7,47.2,8490.0,5.511e+22,72.823,4.811
TARP,9974,2003-11-01 03:12:00,2003-11-02 03:12:00,True,M1.8|X2.7,47.2,8451.0,5.453e+22,71.692,4.74
TARP,1030,1998-04-25 03:12:00,1998-04-26 03:12:00,False,,0.0,1328.0,2.774e+21,41.695,0.0
TARP,8822,2002-12-09 14:24:00,2002-12-10 14:24:00,False,,0.0,17464.0,4.794e+22,50.778,4.12
TARP,8822,2002-12-14 22:24:00,2002-12-15 22:24:00,False,,0.0,10421.0,2.313e+22,42.319,3.913
TARP,3166,2000-02-24 03:12:00,2000-02-25 03:12:00,False,,0.0,1051.0,1.792e+21,36.36,2.18
TARP,10114,2003-12-16 16:00:00,2003-12-17 16:00:00,False,,0.0,1487.0,3.407e+21,48.518,0.0
TARP,9052,2003-01-28 06:24:00,2003-01-29 06:24:00,False,,0.0,2489.0,7.362e+21,57.289,3.428
TARP,8807,2002-12-08 06:24:00,2002-12-09 06:24:00,False,,0.0,14479.0,4.523e+22,55.019,3.492
TARP,8807,2002-12-10 00:00:00,2002-12-11 00:00:00,False,,0.0,14247.0,3.817e+22,47.517,1.903
TARP,8807,2002-12-10 09:36:00,2002-12-11 09:36:00,False,,0.0,13647.0,3.584e+22,48.599,2.548
TARP,4024,2000-07-31 14:24:00,2000-08-01 14:24:00,False,,0.0,2356.0,5.254e+21,42.376,0.0
TARP,8228,2002-08-16 22:24:00,2002-08-17 22:24:00,False,,0.0,1037.0,2.114e+21,44.114,0.0
TARP,64,1996-07-07 09:36:00,1996-07-08 09:36:00,True,B5.0|B5.0|||||||B8.9|B8.9|||||M1.4|M1.4|C3.8|C3.8|C2.6|C2.6|X2.6|X2.6,11.6,3957.0,1.657e+22,65.65,4.156
TARP,64,1996-07-07 11:12:00,1996-07-08 11:12:00,True,B5.0|B5.0|||||||B8.9|B8.9|||||M1.4|M1.4|C3.8|C3.8|C2.6|C2.6|X2.6|X2.6,11.6,4048.0,1.758e+22,67.66,4.243
TARP,64,1996-07-07 14:24:00,1996-07-08 14:24:00,True,||||||B8.9|B8.9|||||M1.4|M1.4|C3.8|C3.8|C2.6|C2.6|X2.6|X2.6,12.6,4254.0,1.989e+22,70.262,4.342
TARP,64,1996-07-07 16:00:00,1996-07-08 16:00:00,True,||||B8.9|B8.9|||||M1.4|M1.4|C3.8|C3.8|C2.6|C2.6|X2.6|X2.6,12.2,4374.0,2.112e+22,70.812,4.353
TARP,64,1996-07-07 17:36:00,1996-07-08 17:36:00,True,||B8.9|B8.9|||||M1.4|M1.4|C3.8|C3.8|C2.6|C2.6|X2.6|X2.6,12.2,4481.0,2.227e+22,72.632,4.441
TARP,64,1996-07-07 19:12:00,1996-07-08 19:12:00,True,||M1.4|M1.4|C3.8|C3.8|C2.6|C2.6|X2.6|X2.6|C1.7|C1.7,14.0,4561.0,2.311e+22,74.286,4.421
TARP,12024,2006-06-17 09:36:00,2006-06-18 09:36:00,False,,0.0,2095.0,6.048e+21,54.4,3.134
TARP,12024,2006-06-22 09:36:00,2006-06-23 09:36:00,False,,0.0,1861.0,4.478e+21,40.331,0.0
TARP,5273,2001-03-10 08:00:00,2001-03-11 08:00:00,False,,0.0,1727.0,4.335e+21,40.877,0.0
TARP,3425,2000-04-16 08:00:00,2000-04-17 08:00:00,False,,0.0,11953.0,3.13e+22,41.424,3.779
TARP,9146,2003-02-23 01:36:00,2003-02-24 01:36:00,False,,0.0,2940.0,6.713e+21,51.791,2.346
TARP,6240,2001-09-26 03:12:00,2001-09-27 03:12:00,False,,0.0,1603.0,4.602e+21,54.953,2.634
TARP,6240,2001-09-27 09:36:00,2001-09-28 09:36:00,False,,0.0,2251.0,6.984e+21,55.312,1.978
TARP,5392,2001-04-08 06:24:00,2001-04-09 06:24:00,True,C3.0|C6.1|M7.9|C2.1|X2.3,0.0,9689.0,5.728e+22,89.223,4.956
TARP,5392,2001-04-08 08:00:00,2001-04-09 08:00:00,True,C6.1|M7.9|C2.1|X2.3,3.0,9851.0,5.791e+22,89.099,4.938
TARP,5392,2001-04-08 09:36:00,2001-04-09 09:36:00,True,M7.9|C2.1|X2.3,9.1,9917.0,5.778e+22,88.472,4.93
TARP,5392,2001-04-08 11:12:00,2001-04-09 11:12:00,True,M7.9|C2.1|X2.3,9.1,9952.0,5.776e+22,88.362,4.929
TARP,5392,2001-04-08 12:48:00,2001-04-09 12:48:00,True,M7.9|C2.1|X2.3,9.1,10003.0,5.781e+22,87.88,4.96
TARP,5392,2001-04-08 14:24:00,2001-04-09 14:24:00,True,M7.9|C2.1|X2.3,9.1,10022.0,5.775e+22,87.438,4.971
TARP,5392,2001-04-08 16:00:00,2001-04-09 16:00:00,True,C2.1|X2.3,88.1,10033.0,5.8e+22,89.005,5.017
TARP,5392,2001-04-08 17:36:00,2001-04-09 17:36:00,True,C2.1|X2.3,88.1,10015.0,5.81e+22,89.556,5.037
TARP,5392,2001-04-08 19:12:00,2001-04-09 19:12:00,True,X2.3|C2.7,90.2,10055.0,5.795e+22,89.345,5.048
TARP,5392,2001-04-08 20:48:00,2001-04-09 20:48:00,True,X2.3|C2.7,90.2,10089.0,5.782e+22,88.788,5.037
TARP,717,1997-12-22 22:24:00,1997-12-23 22:24:00,False,,0.0,5915.0,3.164e+22,73.774,4.721
TARP,5687,2001-06-01 11:12:00,2001-06-02 11:12:00,False,,0.0,16581.0,4.31e+22,46.502,3.83
TARP,8509,2002-10-11 09:36:00,2002-10-12 09:36:00,False,,0.0,6431.0,2.31e+22,64.522,3.342
TARP,4186,2000-08-19 14:24:00,2000-08-20 14:24:00,False,,0.0,898.0,1.806e+21,37.511,0.0
TARP,10371,2004-03-04 11:12:00,2004-03-05 11:12:00,False,,0.0,1635.0,5.372e+21,62.746,2.708
TARP,10371,2004-03-06 11:12:00,2004-03-07 11:12:00,False,,0.0,2081.0,6.185e+21,57.566,0.0
TARP,10371,2004-03-10 01:36:00,2004-03-11 01:36:00,False,,0.0,1270.0,3.077e+21,44.97,2.671
TARP,10930,2004-10-29 12:48:00,2004-10-30 12:48:00,False,,0.0,1312.0,2.752e+21,45.119,3.123
TARP,2882,2000-01-09 09:36:00,2000-01-10 09:36:00,False,,0.0,13194.0,3.424e+22,46.387,2.759
TARP,2882,2000-01-10 06:24:00,2000-01-11 06:24:00,False,,0.0,13771.0,3.564e+22,48.06,3.051
TARP,5809,2001-06-30 17:36:00,2001-07-01 17:36:00,False,,0.0,2348.0,7.877e+21,52.292,3.194
TARP,10732,2004-08-13 08:00:00,2004-08-14 08:00:00,False,,0.0,1952.0,5.153e+21,50.046,0.0
TARP,6337,2001-10-18 11:12:00,2001-10-19 11:12:00,True,X1.6,11.9,11349.0,5.832e+22,66.368,4.626
TARP,6337,2001-10-18 12:48:00,2001-10-19 12:48:00,True,X1.6,11.9,11295.0,5.761e+22,65.188,4.628
TARP,6337,2001-10-18 14:24:00,2001-10-19 14:24:00,True,X1.6,11.9,11241.0,5.67e+22,64.442,4.525
TARP,6337,2001-10-18 16:00:00,2001-10-19 16:00:00,True,X1.6,11.9,11190.0,5.619e+22,64.669,4.606
TARP,7875,2002-06-03 17:36:00,2002-06-04 17:36:00,False,,0.0,3090.0,9.932e+21,60.366,3.467
TARP,1394,1998-12-08 20:48:00,1998-12-09 20:48:00,False,,0.0,4699.0,2.439e+22,68.285,4.308
TARP,7572,2002-04-15 11:12:00,2002-04-16 11:12:00,False,,0.0,11997.0,5.916e+22,75.542,4.83
TARP,3169,2000-02-27 22:24:00,2000-02-28 22:24:00,False,,0.0,10885.0,4.087e+22,55.069,3.938
TARP,12068,2006-07-28 09:36:00,2006-07-29 09:36:00,False,,0.0,3928.0,1.181e+22,48.158,2.644
TARP,7734,2002-05-10 20:48:00,2002-05-11 20:48:00,False,,0.0,13510.0,3.122e+22,47.074,2.658
TARP,7734,2002-05-14 04:48:00,2002-05-15 04:48:00,False,,0.0,3839.0,8.026e+21,37.407,0.0
TARP,5731,2001-06-03 22:24:00,2001-06-04 22:24:00,False,,0.0,894.0,2.042e+21,45.443,0.0
TARP,3790,2000-06-12 20:48:00,2000-06-13 20:48:00,False,,0.0,1897.0,5.154e+21,51.502,0.0
TARP,3790,2000-06-13 16:00:00,2000-06-14 16:00:00,False,,0.0,2228.0,5.987e+21,49.587,0.0
TARP,961,1998-04-01 08:00:00,1998-04-02 08:00:00,False,,0.0,956.0,2.004e+21,36.792,0.0
TARP,4084,2000-08-08 01:36:00,2000-08-09 01:36:00,False,,0.0,14798.0,5.882e+22,61.318,4.096
TARP,4217,2000-08-30 04:48:00,2000-08-31 04:48:00,False,,0.0,3959.0,1.177e+22,42.076,3.087
TARP,8001,2002-06-28 14:24:00,2002-06-29 14:24:00,False,,0.0,1616.0,3.732e+21,48.19,2.678
TARP,8001,2002-06-29 14:24:00,2002-06-30 14:24:00,False,,0.0,1581.0,2.976e+21,40.122,0.0
TARP,790,1998-01-18 19:12:00,1998-01-19 19:12:00,False,,0.0,1301.0,2.789e+21,44.756,2.024
TARP,3754,2000-06-10 09:36:00,2000-06-11 09:36:00,False,,0.0,4295.0,9.858e+21,51.037,1.87
TARP,1584,1999-03-18 19:12:00,1999-03-19 19:12:00,False,,0.0,3487.0,1.253e+22,64.295,3.938
TARP,856,1998-02-15 08:00:00,1998-02-16 08:00:00,False,,0.0,1021.0,2.267e+21,41.807,0.0
TARP,6774,2001-12-16 14:24:00,2001-12-17 14:24:00,False,,0.0,2938.0,8.255e+21,45.503,3.204
TARP,2932,2000-01-17 08:00:00,2000-01-18 08:00:00,False,,0.0,1162.0,3.022e+21,48.935,0.0
TARP,9976,2003-11-03 09:36:00,2003-11-04 09:36:00,False,,0.0,1863.0,3.672e+21,45.208,0.0
TARP,10324,2004-02-19 22:24:00,2004-02-20 22:24:00,False,,0.0,2868.0,6.262e+21,44.802,0.0
TARP,8784,2002-12-01 00:00:00,2002-12-02 00:00:00,False,,0.0,4444.0,1.009e+22,49.117,0.0
TARP,6724,2001-12-08 19:12:00,2001-12-09 19:12:00,False,,0.0,2666.0,8.533e+21,52.717,3.078
TARP,1826,1999-05-16 17:36:00,1999-05-17 17:36:00,False,,0.0,5038.0,2.18e+22,71.281,3.766
TARP,1826,1999-05-21 03:12:00,1999-05-22 03:12:00,False,,0.0,5863.0,2.391e+22,71.85,4.333
TARP,1826,1999-05-22 19:12:00,1999-05-23 19:12:00,False,,0.0,5284.0,1.597e+22,47.787,3.808
TARP,7485,2002-03-31 16:00:00,2002-04-01 16:00:00,False,,0.0,3425.0,1.311e+22,71.897,3.638
TARP,12343,2007-02-17 11:12:00,2007-02-18 11:12:00,False,,0.0,2237.0,5.248e+21,42.739,3.427
TARP,5759,2001-06-16 09:36:00,2001-06-17 09:36:00,False,,0.0,3840.0,1.567e+22,63.942,4.029
TARP,5759,2001-06-18 04:48:00,2001-06-19 04:48:00,False,,0.0,3515.0,1.3e+22,57.387,4.269
TARP,5759,2001-06-19 06:24:00,2001-06-20 06:24:00,False,,0.0,3110.0,1.103e+22,53.621,4.015
TARP,2730,1999-12-03 16:00:00,1999-12-04 16:00:00,False,,0.0,2739.0,6.012e+21,44.274,0.0
TARP,10624,2004-06-13 17:36:00,2004-06-14 17:36:00,False,,0.0,703.0,1.78e+21,51.68,0.0
TARP,3861,2000-06-26 04:48:00,2000-06-27 04:48:00,False,,0.0,6039.0,2.593e+22,57.512,4.346
TARP,13402,2010-05-05 14:24:00,2010-05-06 14:24:00,False,,0.0,1934.0,5.221e+21,45.394,2.942
TARP,6483,2001-11-12 06:24:00,2001-11-13 06:24:00,False,,0.0,4256.0,9.667e+21,40.737,0.0
TARP,6061,2001-08-23 14:24:00,2001-08-24 14:24:00,False,,0.0,10500.0,3.77e+22,52.239,3.204
TARP,6061,2001-08-25 17:36:00,2001-08-26 17:36:00,False,,0.0,7583.0,2.012e+22,37.688,3.25
TARP,9318,2003-04-02 17:36:00,2003-04-03 17:36:00,False,,0.0,1110.0,2.473e+21,49.862,0.0
TARP,2910,2000-01-12 17:36:00,2000-01-13 17:36:00,False,,0.0,2281.0,5.694e+21,48.191,0.0
TARP,2910,2000-01-18 00:00:00,2000-01-19 00:00:00,False,,0.0,265.0,6.166e+20,45.275,0.0
TARP,8188,2002-08-09 22:24:00,2002-08-10 22:24:00,False,,0.0,1670.0,3.527e+21,48.301,2.845
TARP,5811,2001-06-24 19:12:00,2001-06-25 19:12:00,False,,0.0,3148.0,1.257e+22,62.97,2.69
TARP,5811,2001-06-30 09:36:00,2001-07-01 09:36:00,False,,0.0,2107.0,4.985e+21,40.329,3.128
TARP,3290,2000-03-18 16:00:00,2000-03-19 16:00:00,False,,0.0,1867.0,7.923e+21,53.025,3.64
TARP,3290,2000-03-19 20:48:00,2000-03-20 20:48:00,False,,0.0,3093.0,1.062e+22,47.522,3.666
TARP,8047,2002-07-06 09:36:00,2002-07-07 09:36:00,False,,0.0,3092.0,9.8e+21,54.011,3.747
TARP,5763,2001-06-19 09:36:00,2001-06-20 09:36:00,False,,0.0,5362.0,1.38e+22,45.807,3.226
TARP,2741,1999-12-06 17:36:00,1999-12-07 17:36:00,False,,0.0,2306.0,5.203e+21,48.997,2.081
TARP,1233,1998-10-24 08:00:00,1998-10-25 08:00:00,False,,0.0,3869.0,7.631e+21,30.517,0.0
TARP,1615,1999-03-28 11:12:00,1999-03-29 11:12:00,False,,0.0,2985.0,7.963e+21,46.384,3.229
TARP,2563,1999-10-30 11:12:00,1999-10-31 11:12:00,False,,0.0,12192.0,4.644e+22,62.881,3.853
TARP,5780,2001-06-19 16:00:00,2001-06-20 16:00:00,False,,0.0,3797.0,1.367e+22,64.637,3.812
TARP,5780,2001-06-20 12:48:00,2001-06-21 12:48:00,False,,0.0,4522.0,1.499e+22,54.993,2.845
TARP,12279,2006-12-23 09:36:00,2006-12-24 09:36:00,False,,0.0,398.0,1.007e+21,38.5,0.0
TARP,10030,2003-11-13 12:48:00,2003-11-14 12:48:00,False,,0.0,1336.0,3.588e+21,44.725,0.0
TARP,10030,2003-11-20 04:48:00,2003-11-21 04:48:00,False,,0.0,843.0,1.956e+21,41.301,0.0
TARP,186,1996-12-17 16:00:00,1996-12-18 16:00:00,False,,0.0,4941.0,1.708e+22,60.071,4.167
TARP,10758,2004-08-20 06:24:00,2004-08-21 06:24:00,False,,0.0,2534.0,9.262e+21,69.784,3.698
TARP,10758,2004-08-23 16:00:00,2004-08-24 16:00:00,False,,0.0,3927.0,1.356e+22,59.548,3.079
TARP,2073,1999-07-10 08:00:00,1999-07-11 08:00:00,False,,0.0,5835.0,2.037e+22,56.264,4.084
TARP,7791,2002-05-20 09:36:00,2002-05-21 09:36:00,False,,0.0,1284.0,3.029e+21,52.764,0.0
TARP,11968,2006-05-13 11:12:00,2006-05-14 11:12:00,False,,0.0,4224.0,9.361e+21,47.141,0.0
TARP,11968,2006-05-14 06:24:00,2006-05-15 06:24:00,False,,0.0,2177.0,4.893e+21,44.781,2.342
TARP,10928,2004-10-28 12:48:00,2004-10-29 12:48:00,True,C1.1|B9.7|C3.1|C9.7|M3.3|M4.2|C5.5|M3.7|C7.2|C1.0|X1.2,0.0,11581.0,3.742e+22,59.313,4.074
TARP,10928,2004-10-28 14:24:00,2004-10-29 14:24:00,True,C1.1|B9.7|C3.1|C9.7|M3.3|M4.2|C5.5|M3.7|C7.2|C1.0|X1.2|C2.6,0.0,11493.0,3.833e+22,63.713,4.462
TARP,10928,2004-10-28 16:00:00,2004-10-29 16:00:00,True,C1.1|B9.7|C3.1|C9.7|M3.3|M4.2|C5.5|M3.7|C7.2|C1.0|X1.2|C2.6,0.0,11440.0,3.871e+22,64.469,4.406
TARP,10928,2004-10-28 17:36:00,2004-10-29 17:36:00,True,C1.1|B9.7|C3.1|C9.7|M3.3|M4.2|C5.5|M3.7|C7.2|C1.0|X1.2|C2.6|M5.9,0.0,11327.0,3.892e+22,64.536,4.548
TARP,10928,2004-10-28 19:12:00,2004-10-29 19:12:00,True,C1.1|B9.7|C3.1|C9.7|M3.3|M4.2|C5.5|M3.7|C7.2|C1.0|X1.2|C2.6|M5.9,0.0,11276.0,3.874e+22,61.35,4.585
TARP,10928,2004-10-28 20:48:00,2004-10-29 20:48:00,True,C1.1|B9.7|C3.1|C9.7|M3.3|M4.2|C5.5|M3.7|C7.2|C1.0|X1.2|C2.6|M5.9,0.0,11223.0,3.912e+22,62.276,4.665
TARP,10928,2004-10-28 22:24:00,2004-10-29 22:24:00,True,B9.7|C3.1|C9.7|M3.3|M4.2|C5.5|M3.7|C7.2|C1.0|X1.2|C2.6|M5.9|C2.4,1.1,11117.0,3.974e+22,65.673,4.658
TARP,10928,2004-10-29 00:00:00,2004-10-30 00:00:00,True,C9.7|M3.3|M4.2|C5.5|M3.7|C7.2|C1.0|X1.2|C2.6|M5.9|C2.4,5.2,11048.0,3.98e+22,66.043,4.62
TARP,10928,2004-10-29 01:36:00,2004-10-30 01:36:00,True,M3.3|M4.2|C5.5|M3.7|C7.2|C1.0|X1.2|C2.6|M5.9|C2.4|C1.7,14.9,11028.0,3.993e+22,66.122,4.62
TARP,10928,2004-10-29 03:12:00,2004-10-30 03:12:00,True,M3.3|M4.2|C5.5|M3.7|C7.2|C1.0|X1.2|C2.6|M5.9|C2.4|C1.7|M1.1,14.9,11011.0,3.988e+22,66.127,4.604
TARP,10928,2004-10-29 04:48:00,2004-10-30 04:48:00,True,M4.2|C5.5|M3.7|C7.2|C1.0|X1.2|C2.6|M5.9|C2.4|C1.7|M1.1,47.9,10961.0,3.989e+22,66.005,4.604
TARP,10928,2004-10-29 06:24:00,2004-10-30 06:24:00,True,C5.5|M3.7|C7.2|C1.0|X1.2|C2.6|M5.9|C2.4|C1.7|M1.1|M2.3,89.9,10952.0,3.979e+22,65.635,4.645
TARP,10928,2004-10-29 08:00:00,2004-10-30 08:00:00,True,M3.7|C7.2|C1.0|X1.2|C2.6|M5.9|C2.4|C1.7|M1.1|M2.3,95.4,10937.0,3.974e+22,65.028,4.637
TARP,10928,2004-10-29 09:36:00,2004-10-30 09:36:00,True,C7.2|C1.0|X1.2|C2.6|M5.9|C2.4|C1.7|M1.1|M2.3,132.4,10915.0,4.001e+22,64.667,4.735
TARP,10928,2004-10-29 11:12:00,2004-10-30 11:12:00,True,C1.0|X1.2|C2.6|M5.9|C2.4|C1.7|M1.1|M2.3|B6.8,139.6,10901.0,3.993e+22,64.435,4.734
TARP,2416,1999-09-22 03:12:00,1999-09-23 03:12:00,False,,0.0,666.0,1.491e+21,53.228,2.234
TARP,9385,2003-04-26 12:48:00,2003-04-27 12:48:00,False,,0.0,10943.0,4.173e+22,59.651,4.35
TARP,2996,2000-01-27 17:36:00,2000-01-28 17:36:00,False,,0.0,2786.0,5.749e+21,34.599,0.0
TARP,2194,1999-08-11 16:00:00,1999-08-12 16:00:00,False,,0.0,3968.0,8.875e+21,41.303,0.0
TARP,2194,1999-08-13 04:48:00,1999-08-14 04:48:00,False,,0.0,1601.0,2.805e+21,30.528,0.0
TARP,4858,2000-12-26 08:00:00,2000-12-27 08:00:00,False,,0.0,4838.0,9.43e+21,32.281,0.0
TARP,3645,2000-05-15 00:00:00,2000-05-16 00:00:00,False,,0.0,1706.0,4.409e+21,54.967,3.453
TARP,5255,2001-03-12 16:00:00,2001-03-13 16:00:00,False,,0.0,3922.0,8.628e+21,49.071,0.0
TARP,1596,1999-03-19 09:36:00,1999-03-20 09:36:00,False,,0.0,3394.0,8.349e+21,53.281,0.0
TARP,10956,2004-11-05 16:00:00,2004-11-06 16:00:00,True,C3.6|C4.6|M1.4|C2.4|B7.1|B7.6|C3.2|C4.4|C5.3|C5.1|C1.0|C4.1|C6.7|B8.4|C1.2|C7.0|C2.3|X2.0,249.6,5409.0,4.419e+22,115.042,5.093
TARP,10956,2004-11-05 17:36:00,2004-11-06 17:36:00,True,M1.4|C2.4|B7.1|B7.6|C3.2|C4.4|C5.3|C5.1|C1.0|C4.1|C6.7|B8.4|C1.2|C7.0|C2.3|X2.0,241.8,5468.0,4.456e+22,115.82,5.098
TARP,10956,2004-11-05 19:12:00,2004-11-06 19:12:00,True,M1.4|C2.4|B7.1|B7.6|C3.2|C4.4|C5.3|C5.1|C1.0|C4.1|C6.7|B8.4|C1.2|C7.0|C2.3|X2.0,219.4,5543.0,4.488e+22,117.406,5.153
TARP,10956,2004-11-05 20:48:00,2004-11-06 20:48:00,True,C2.4|B7.1|B7.6|C3.2|C4.4|C5.3|C5.1|C1.0|C4.1|C6.7|B8.4|C1.2|C7.0|C2.3|X2.0,233.4,5620.0,4.525e+22,118.373,5.142
TARP,10956,2004-11-05 22:24:00,2004-11-06 22:24:00,True,B7.6|C3.2|C4.4|C5.3|C5.1|C1.0|C4.1|C6.7|B8.4|C1.2|C7.0|C2.3|X2.0|C2.8,228.7,5734.0,4.554e+22,117.976,5.147
TARP,10956,2004-11-06 00:00:00,2004-11-07 00:00:00,True,C3.2|C4.4|C5.3|C5.1|C1.0|C4.1|C6.7|B8.4|C1.2|C7.0|C2.3|X2.0|C2.8|C1.6,229.4,5817.0,4.557e+22,117.643,5.167
TARP,10956,2004-11-06 01:36:00,2004-11-07 01:36:00,True,C3.2|C4.4|C5.3|C5.1|C1.0|C4.1|C6.7|B8.4|C1.2|C7.0|C2.3|X2.0|C2.8|C1.6,77.4,5881.0,4.558e+22,117.006,5.174
TARP,10956,2004-11-06 03:12:00,2004-11-07 03:12:00,True,C5.3|C5.1|C1.0|C4.1|C6.7|B8.4|C1.2|C7.0|C2.3|X2.0|C2.8|C1.6,49.0,5956.0,4.537e+22,116.168,5.146
TARP,10956,2004-11-06 04:48:00,2004-11-07 04:48:00,True,C1.0|C4.1|C6.7|B8.4|C1.2|C7.0|C2.3|X2.0|C2.8|C1.6|C7.9,59.4,6062.0,4.525e+22,115.447,5.137
TARP,10956,2004-11-06 06:24:00,2004-11-07 06:24:00,True,C4.1|C6.7|B8.4|C1.2|C7.0|C2.3|X2.0|C2.8|C1.6|C7.9,60.4,6134.0,4.49e+22,113.129,5.05
TARP,10956,2004-11-06 08:00:00,2004-11-07 08:00:00,True,C6.7|B8.4|C1.2|C7.0|C2.3|X2.0|C2.8|C1.6|C7.9,62.7,6205.0,4.48e+22,111.067,5.047
TARP,10956,2004-11-06 09:36:00,2004-11-07 09:36:00,True,B8.4|C1.2|C7.0|C2.3|X2.0|C2.8|C1.6|C7.9|C1.8,69.4,6227.0,4.475e+22,110.528,5.071
TARP,10956,2004-11-06 11:12:00,2004-11-07 11:12:00,True,C1.2|C7.0|C2.3|X2.0|C2.8|C1.6|C7.9|C1.8,69.6,6239.0,4.446e+22,108.735,5.015
TARP,10956,2004-11-06 12:48:00,2004-11-07 12:48:00,True,C7.0|C2.3|X2.0|C2.8|C1.6|C7.9|C1.8|B8.2,69.9,6238.0,4.439e+22,110.667,5.092
TARP,10956,2004-11-06 14:24:00,2004-11-07 14:24:00,True,C2.3|X2.0|C2.8|C1.6|C7.9|C1.8|B8.2,76.9,6236.0,4.435e+22,110.335,5.095
TARP,10956,2004-11-08 03:12:00,2004-11-09 03:12:00,True,M8.9|X2.5,41.2,6576.0,3.893e+22,90.572,5.078
TARP,10956,2004-11-08 04:48:00,2004-11-09 04:48:00,True,M8.9|X2.5,33.3,6625.0,3.818e+22,88.375,5.048
TARP,10956,2004-11-08 06:24:00,2004-11-09 06:24:00,True,M8.9|X2.5,33.3,6674.0,3.767e+22,86.108,5.03
TARP,10956,2004-11-08 08:00:00,2004-11-09 08:00:00,True,M8.9|X2.5,33.3,6707.0,3.741e+22,87.469,5.017
TARP,10956,2004-11-08 09:36:00,2004-11-09 09:36:00,True,M8.9|X2.5,31.5,6728.0,3.687e+22,84.796,4.997
TARP,10956,2004-11-08 11:12:00,2004-11-09 11:12:00,True,M8.9|X2.5,31.5,6740.0,3.601e+22,83.46,4.962
TARP,10956,2004-11-08 12:48:00,2004-11-09 12:48:00,True,M8.9|X2.5,31.5,6709.0,3.545e+22,82.547,4.966
TARP,10956,2004-11-08 14:24:00,2004-11-09 14:24:00,True,M8.9|X2.5,30.7,6705.0,3.483e+22,81.311,4.957
TARP,10956,2004-11-08 16:00:00,2004-11-09 16:00:00,True,M8.9|X2.5,0.0,6707.0,3.431e+22,80.675,4.93
TARP,10956,2004-11-08 17:36:00,2004-11-09 17:36:00,True,X2.5,89.0,6695.0,3.366e+22,79.25,4.924
TARP,10956,2004-11-08 19:12:00,2004-11-09 19:12:00,True,X2.5,89.0,6673.0,3.271e+22,77.092,4.877
TARP,10956,2004-11-08 20:48:00,2004-11-09 20:48:00,True,X2.5,89.0,6615.0,3.193e+22,75.64,4.895
TARP,10956,2004-11-08 22:24:00,2004-11-09 22:24:00,True,X2.5,89.0,6563.0,3.078e+22,71.243,4.863
TARP,12871,2008-09-22 17:36:00,2008-09-23 17:36:00,False,,0.0,1306.0,2.945e+21,42.775,0.0
TARP,9758,2003-08-15 06:24:00,2003-08-16 06:24:00,False,,0.0,1002.0,2.263e+21,50.42,2.676
TARP,7991,2002-06-24 00:00:00,2002-06-25 00:00:00,False,,0.0,2944.0,1.084e+22,59.088,3.382
TARP,7991,2002-06-24 08:00:00,2002-06-25 08:00:00,False,,0.0,3258.0,1.23e+22,63.289,3.323
TARP,7991,2002-06-24 14:24:00,2002-06-25 14:24:00,False,,0.0,3544.0,1.382e+22,67.528,3.564
TARP,9674,2003-07-27 11:12:00,2003-07-28 11:12:00,False,,0.0,6275.0,1.713e+22,47.058,0.0
TARP,9674,2003-07-27 12:48:00,2003-07-28 12:48:00,False,,0.0,6617.0,1.725e+22,47.769,0.0
TARP,9674,2003-07-31 20:48:00,2003-08-01 20:48:00,False,,0.0,7667.0,1.792e+22,45.567,0.0
TARP,8169,2002-08-03 08:00:00,2002-08-04 08:00:00,False,,0.0,645.0,1.476e+21,47.206,0.0
TARP,11774,2006-01-08 20:48:00,2006-01-09 20:48:00,False,,0.0,582.0,1.582e+21,57.239,0.0
TARP,11774,2006-01-13 16:00:00,2006-01-14 16:00:00,False,,0.0,719.0,1.363e+21,41.823,0.0
TARP,8802,2002-12-09 16:00:00,2002-12-10 16:00:00,False,,0.0,3390.0,7.326e+21,39.481,0.0
TARP,11508,2005-08-02 01:36:00,2005-08-03 01:36:00,False,,0.0,2904.0,8.092e+21,48.567,2.718
TARP,5802,2001-06-21 04:48:00,2001-06-22 04:48:00,True,C6.0|M5.6|X1.2,0.0,1143.0,3.229e+21,49.723,2.821
TARP,5802,2001-06-21 06:24:00,2001-06-22 06:24:00,True,C6.0|M5.6|X1.2|C6.2|M1.3,0.0,1365.0,3.812e+21,51.468,1.959
TARP,5802,2001-06-21 08:00:00,2001-06-22 08:00:00,True,C6.0|M5.6|X1.2|C6.2|M1.3,0.0,1702.0,4.64e+21,51.58,2.603
TARP,5802,2001-06-21 09:36:00,2001-06-22 09:36:00,True,C6.0|M5.6|X1.2|C6.2|M1.3|C6.8,0.0,1947.0,5.504e+21,52.398,2.501
TARP,5802,2001-06-21 11:12:00,2001-06-22 11:12:00,True,C6.0|M5.6|X1.2|C6.2|M1.3|C6.8,0.0,2093.0,6.168e+21,54.201,3.302
TARP,5802,2001-06-21 12:48:00,2001-06-22 12:48:00,True,C6.0|M5.6|X1.2|C6.2|M1.3|C6.8|C4.0,0.0,2362.0,6.884e+21,54.09,3.502
TARP,5802,2001-06-21 14:24:00,2001-06-22 14:24:00,True,C6.0|M5.6|X1.2|C6.2|M1.3|C6.8|C4.0,0.0,2497.0,7.582e+21,57.587,3.844
TARP,5802,2001-06-21 16:00:00,2001-06-22 16:00:00,True,C6.0|M5.6|X1.2|C6.2|M1.3|C6.8|C4.0|C7.0,0.0,2623.0,8.18e+21,59.368,3.938
TARP,5802,2001-06-21 17:36:00,2001-06-22 17:36:00,True,C6.0|M5.6|X1.2|C6.2|M1.3|C6.8|C4.0|C7.0|C3.6,0.0,2758.0,9.206e+21,63.221,4.046
TARP,5802,2001-06-21 19:12:00,2001-06-22 19:12:00,True,M5.6|X1.2|C6.2|M1.3|C6.8|C4.0|C7.0|C3.6,6.0,2877.0,9.888e+21,63.899,4.181
TARP,5802,2001-06-21 20:48:00,2001-06-22 20:48:00,True,M5.6|X1.2|C6.2|M1.3|C6.8|C4.0|C7.0|C3.6,6.0,2971.0,1.069e+22,64.04,4.093
TARP,5802,2001-06-21 22:24:00,2001-06-22 22:24:00,True,M5.6|X1.2|C6.2|M1.3|C6.8|C4.0|C7.0|C3.6,6.0,3063.0,1.127e+22,67.571,4.307
TARP,5802,2001-06-22 00:00:00,2001-06-23 00:00:00,True,M5.6|X1.2|C6.2|M1.3|C6.8|C4.0|C7.0|C3.6,6.0,3119.0,1.211e+22,70.0,4.317
TARP,5802,2001-06-22 01:36:00,2001-06-23 01:36:00,True,X1.2|C6.2|M1.3|C6.8|C4.0|C7.0|C3.6,62.0,3147.0,1.236e+22,71.299,4.511
TARP,5802,2001-06-22 03:12:00,2001-06-23 03:12:00,True,X1.2|C6.2|M1.3|C6.8|C4.0|C7.0|C3.6,62.0,3184.0,1.254e+22,70.235,4.427
TARP,6005,2001-08-07 22:24:00,2001-08-08 22:24:00,False,,0.0,1051.0,2.48e+21,39.853,0.0
TARP,6005,2001-08-08 11:12:00,2001-08-09 11:12:00,False,,0.0,1083.0,2.548e+21,39.135,0.0
TARP,2545,1999-10-25 11:12:00,1999-10-26 11:12:00,False,,0.0,1348.0,3.402e+21,49.003,2.724
TARP,695,1997-12-06 11:12:00,1997-12-07 11:12:00,False,,0.0,2238.0,7.365e+21,56.156,3.115
TARP,10283,2004-02-03 03:12:00,2004-02-04 03:12:00,False,,0.0,346.0,9.015e+20,55.322,0.0
TARP,2842,1999-12-27 14:24:00,1999-12-28 14:24:00,False,,0.0,6377.0,1.97e+22,48.757,2.449
TARP,9768,2003-08-24 16:00:00,2003-08-25 16:00:00,False,,0.0,2555.0,7.122e+21,47.813,0.0
TARP,5111,2001-02-06 12:48:00,2001-02-07 12:48:00,False,,0.0,5952.0,1.529e+22,45.234,3.134
TARP,6730,2001-12-11 14:24:00,2001-12-12 14:24:00,True,C4.1|X6.2,4.8,11533.0,6.027e+22,70.892,4.433
TARP,6730,2001-12-11 16:00:00,2001-12-12 16:00:00,True,C4.1|X6.2,4.8,11604.0,6.072e+22,71.326,4.414
TARP,6730,2001-12-11 17:36:00,2001-12-12 17:36:00,True,C4.1|X6.2,4.8,11697.0,6.124e+22,70.799,4.47
TARP,6730,2001-12-11 19:12:00,2001-12-12 19:12:00,True,C4.1|X6.2,4.8,12054.0,6.254e+22,69.731,4.505
TARP,6730,2001-12-11 20:48:00,2001-12-12 20:48:00,True,C4.1|X6.2,4.8,12163.0,6.296e+22,69.911,4.556
TARP,6730,2001-12-11 22:24:00,2001-12-12 22:24:00,True,C4.1|X6.2,4.8,12236.0,6.355e+22,70.616,4.615
TARP,6730,2001-12-12 00:00:00,2001-12-13 00:00:00,True,C4.1|X6.2,4.8,12333.0,6.407e+22,70.759,4.638
TARP,6730,2001-12-12 01:36:00,2001-12-13 01:36:00,True,C4.1|X6.2,4.8,12498.0,6.475e+22,70.576,4.627
TARP,6730,2001-12-12 03:12:00,2001-12-13 03:12:00,True,X6.2,8.9,12631.0,6.549e+22,71.18,4.691
TARP,6730,2001-12-12 04:48:00,2001-12-13 04:48:00,True,X6.2,8.9,12727.0,6.592e+22,71.56,4.605
TARP,6730,2001-12-12 06:24:00,2001-12-13 06:24:00,True,X6.2,8.9,12834.0,6.624e+22,72.131,4.564
TARP,6730,2001-12-12 08:00:00,2001-12-13 08:00:00,True,X6.2,8.9,12982.0,6.689e+22,72.827,4.519
TARP,6730,2001-12-12 09:36:00,2001-12-13 09:36:00,True,X6.2,8.9,13108.0,6.661e+22,70.598,4.355
TARP,6730,2001-12-12 11:12:00,2001-12-13 11:12:00,True,X6.2,8.9,13172.0,6.683e+22,70.549,4.347
TARP,6730,2001-12-12 12:48:00,2001-12-13 12:48:00,True,X6.2,4.1,13211.0,6.705e+22,70.458,4.39
TARP,9429,2003-05-08 20:48:00,2003-05-09 20:48:00,False,,0.0,469.0,1.206e+21,55.082,0.0
TARP,3574,2000-05-05 16:00:00,2000-05-06 16:00:00,False,,0.0,4665.0,1.396e+22,49.978,0.0
TARP,9797,2003-08-26 11:12:00,2003-08-27 11:12:00,False,,0.0,1184.0,2.622e+21,39.16,0.0
TARP,9797,2003-08-28 11:12:00,2003-08-29 11:12:00,False,,0.0,1043.0,2.294e+21,42.902,0.0
TARP,6254,2001-09-29 04:48:00,2001-09-30 04:48:00,False,,0.0,3992.0,1.1e+22,46.737,0.0
TARP,3168,2000-02-29 12:48:00,2000-03-01 12:48:00,False,,0.0,4436.0,9.378e+21,35.03,2.393
TARP,3852,2000-06-27 16:00:00,2000-06-28 16:00:00,False,,0.0,2212.0,6.15e+21,50.511,0.0
TARP,3852,2000-06-30 12:48:00,2000-07-01 12:48:00,False,,0.0,784.0,1.902e+21,45.833,2.952
TARP,201,1996-12-20 04:48:00,1996-12-21 04:48:00,False,,0.0,3282.0,8.878e+21,41.433,0.0
TARP,11441,2005-07-03 06:24:00,2005-07-04 06:24:00,False,,0.0,7191.0,2.178e+22,56.834,3.667
TARP,3930,2000-07-08 20:48:00,2000-07-09 20:48:00,False,,0.0,2341.0,7.264e+21,48.466,0.0
TARP,2856,2000-01-03 00:00:00,2000-01-04 00:00:00,False,,0.0,3942.0,1.668e+22,68.674,3.423
TARP,2856,2000-01-03 06:24:00,2000-01-04 06:24:00,False,,0.0,3950.0,1.703e+22,69.721,3.159
TARP,11628,2005-10-08 04:48:00,2005-10-09 04:48:00,False,,0.0,3271.0,8.929e+21,54.286,3.044
TARP,9945,2003-10-24 17:36:00,2003-10-25 17:36:00,True,M1.0|X1.2,53.8,12268.0,8.591e+22,90.006,5.337
TARP,9945,2003-10-24 19:12:00,2003-10-25 19:12:00,True,M1.0|X1.2,53.8,12124.0,8.509e+22,89.782,5.382
TARP,9945,2003-10-24 20:48:00,2003-10-25 20:48:00,True,M1.0|X1.2,48.5,11946.0,8.414e+22,89.265,5.339
TARP,9945,2003-10-24 22:24:00,2003-10-25 22:24:00,True,M1.0|X1.2|M7.6,38.5,11784.0,8.337e+22,89.623,5.349
TARP,9945,2003-10-25 00:00:00,2003-10-26 00:00:00,True,M1.0|X1.2|M7.6,38.5,11619.0,8.224e+22,89.46,5.34
TARP,9945,2003-10-25 01:36:00,2003-10-26 01:36:00,True,M1.0|X1.2|M7.6,38.5,11471.0,8.132e+22,89.798,5.326
TARP,9945,2003-10-25 03:12:00,2003-10-26 03:12:00,True,M1.0|X1.2|M7.6,35.9,11380.0,8.061e+22,89.171,5.337
TARP,9945,2003-10-25 04:48:00,2003-10-26 04:48:00,True,M1.0|X1.2|M7.6|M1.2,32.0,11304.0,7.971e+22,88.469,5.316
TARP,9945,2003-10-25 06:24:00,2003-10-26 06:24:00,True,M1.0|X1.2|M7.6|M1.2,15.0,11205.0,7.887e+22,88.571,5.33
TARP,9945,2003-10-25 08:00:00,2003-10-26 08:00:00,True,M1.0|X1.2|M7.6|M1.2|M2.7,15.0,11091.0,7.784e+22,88.687,5.313
TARP,9945,2003-10-25 09:36:00,2003-10-26 09:36:00,True,M1.0|X1.2|M7.6|M1.2|M2.7,15.0,10836.0,7.677e+22,88.907,5.316
TARP,9945,2003-10-25 11:12:00,2003-10-26 11:12:00,True,M1.0|X1.2|M7.6|M1.2|M2.7,0.0,10669.0,7.589e+22,89.926,5.289
TARP,9945,2003-10-25 12:48:00,2003-10-26 12:48:00,True,M1.0|X1.2|M7.6|M1.2|M2.7,0.0,10470.0,7.492e+22,90.356,5.291
TARP,9945,2003-10-25 14:24:00,2003-10-26 14:24:00,True,X1.2|M7.6|M1.2|M2.7,10.0,10433.0,7.367e+22,89.774,5.274
TARP,9945,2003-10-25 16:00:00,2003-10-26 16:00:00,True,X1.2|M7.6|M1.2|M2.7,10.0,10357.0,7.314e+22,89.956,5.318
TARP,12061,2006-07-16 00:00:00,2006-07-17 00:00:00,False,,0.0,1952.0,6.274e+21,64.306,2.866
TARP,6522,2001-11-11 17:36:00,2001-11-12 17:36:00,False,,0.0,3499.0,1.122e+22,45.816,2.754
TARP,5797,2001-06-25 12:48:00,2001-06-26 12:48:00,False,,0.0,5386.0,2.126e+22,56.436,4.122
TARP,12403,2007-05-01 00:00:00,2007-05-02 00:00:00,False,,0.0,2479.0,7.697e+21,55.273,0.0
TARP,10770,2004-08-31 08:00:00,2004-09-01 08:00:00,False,,0.0,993.0,2.084e+21,42.305,0.0
TARP,5826,2001-07-03 22:24:00,2001-07-04 22:24:00,False,,0.0,6273.0,1.478e+22,42.617,0.0
TARP,8591,2002-10-21 19:12:00,2002-10-22 19:12:00,False,,0.0,1945.0,4.772e+21,45.765,0.0
TARP,8591,2002-10-26 11:12:00,2002-10-27 11:12:00,False,,0.0,2338.0,4.508e+21,39.1,0.0
TARP,4582,2000-11-07 17:36:00,2000-11-08 17:36:00,False,,0.0,6446.0,2.194e+22,57.192,3.494
TARP,3104,2000-02-19 20:48:00,2000-02-20 20:48:00,False,,0.0,4147.0,9.883e+21,43.398,2.085
TARP,11291,2005-04-10 03:12:00,2005-04-11 03:12:00,False,,0.0,3061.0,7.33e+21,49.036,0.0
TARP,6233,2001-09-27 01:36:00,2001-09-28 01:36:00,False,,0.0,9718.0,3.506e+22,54.723,3.706
TARP,8135,2002-07-24 08:00:00,2002-07-25 08:00:00,False,,0.0,1426.0,4.22e+21,64.399,2.665
TARP,8135,2002-07-25 16:00:00,2002-07-26 16:00:00,False,,0.0,2866.0,1.517e+22,82.575,3.989
TARP,8135,2002-07-28 09:36:00,2002-07-29 09:36:00,False,,0.0,3356.0,9.189e+21,49.954,3.201
TARP,5837,2001-07-08 04:48:00,2001-07-09 04:48:00,False,,0.0,4221.0,1.237e+22,46.556,0.0
TARP,339,1997-04-27 08:00:00,1997-04-28 08:00:00,False,,0.0,967.0,1.721e+21,32.116,0.0
TARP,339,1997-04-28 00:00:00,1997-04-29 00:00:00,False,,0.0,301.0,5.712e+20,31.526,0.0
TARP,2846,2000-01-01 06:24:00,2000-01-02 06:24:00,False,,0.0,7102.0,2.517e+22,50.909,3.891
TARP,8078,2002-07-13 20:48:00,2002-07-14 20:48:00,True,C1.6|C1.6|C3.8|C1.6|C9.1|C3.6|C1.9|X3.0,6.6,20358.0,9.381e+22,75.994,5.035
TARP,8078,2002-07-13 22:24:00,2002-07-14 22:24:00,True,C1.6|C1.6|C3.8|C1.6|C9.1|C3.6|C1.9|X3.0|M1.8,6.6,20095.0,9.342e+22,76.516,5.003
TARP,8078,2002-07-14 00:00:00,2002-07-15 00:00:00,True,C1.6|C1.6|C3.8|C1.6|C9.1|C3.6|C1.9|X3.0|M1.8,5.9,20065.0,9.397e+22,77.27,4.983
TARP,8078,2002-07-14 01:36:00,2002-07-15 01:36:00,True,C1.6|C1.6|C3.8|C1.6|C9.1|C3.6|C1.9|X3.0|M1.8,5.9,20250.0,9.482e+22,77.095,4.952
TARP,8078,2002-07-14 03:12:00,2002-07-15 03:12:00,True,C1.6|C3.8|C1.6|C9.1|C3.6|C1.9|X3.0|M1.8,7.5,20386.0,9.627e+22,77.548,4.923
TARP,8078,2002-07-14 04:48:00,2002-07-15 04:48:00,True,C3.8|C1.6|C9.1|C3.6|C1.9|X3.0|M1.8,9.1,20486.0,9.725e+22,77.61,4.932
TARP,8078,2002-07-14 06:24:00,2002-07-15 06:24:00,True,C1.6|C9.1|C3.6|C1.9|X3.0|M1.8,11.7,20601.0,9.692e+22,74.661,4.914
TARP,8078,2002-07-14 08:00:00,2002-07-15 08:00:00,True,C1.6|C9.1|C3.6|C1.9|X3.0|M1.8|C6.5,10.2,20747.0,9.793e+22,74.58,4.928
TARP,8078,2002-07-14 09:36:00,2002-07-15 09:36:00,True,C1.6|C9.1|C3.6|C1.9|X3.0|M1.8|C6.5,10.2,20855.0,9.867e+22,74.661,4.981
TARP,8078,2002-07-14 11:12:00,2002-07-15 11:12:00,True,C9.1|C3.6|C1.9|X3.0|M1.8|C6.5,11.8,20844.0,1.001e+23,77.556,5.051
TARP,8078,2002-07-14 12:48:00,2002-07-15 12:48:00,True,C3.6|C1.9|X3.0|M1.8|C6.5,20.9,20908.0,9.945e+22,74.404,4.979
TARP,8078,2002-07-14 14:24:00,2002-07-15 14:24:00,True,C1.9|X3.0|M1.8|C6.5|C8.5,23.7,20825.0,1.005e+23,77.415,5.028
TARP,8078,2002-07-14 16:00:00,2002-07-15 16:00:00,True,C1.9|X3.0|M1.8|C6.5|C8.5,22.5,20842.0,1.013e+23,78.072,5.039
TARP,8078,2002-07-14 17:36:00,2002-07-15 17:36:00,True,C1.9|X3.0|M1.8|C6.5|C8.5,21.3,20805.0,1.017e+23,78.218,5.008
TARP,8078,2002-07-14 19:12:00,2002-07-15 19:12:00,True,X3.0|M1.8|C6.5|C8.5,23.2,20864.0,1.016e+23,77.848,4.957
TARP,8078,2002-07-16 08:00:00,2002-07-17 08:00:00,True,C1.7|M2.2|C1.7|X1.8,102.1,21222.0,1.072e+23,75.732,4.987
TARP,8078,2002-07-16 09:36:00,2002-07-17 09:36:00,True,C1.7|M2.2|C1.7|X1.8|C1.6,102.1,21085.0,1.077e+23,78.506,4.981
TARP,8078,2002-07-16 11:12:00,2002-07-17 11:12:00,True,C1.7|M2.2|C1.7|X1.8|C1.6,102.1,21033.0,1.067e+23,77.981,4.958
TARP,8078,2002-07-16 12:48:00,2002-07-17 12:48:00,True,C1.7|M2.2|C1.7|X1.8|C1.6,102.1,21202.0,1.065e+23,76.958,4.961
TARP,8078,2002-07-16 14:24:00,2002-07-17 14:24:00,True,C1.7|M2.2|C1.7|X1.8|C1.6,93.6,21107.0,1.057e+23,76.389,4.968
TARP,8078,2002-07-16 16:00:00,2002-07-17 16:00:00,True,C1.7|M2.2|C1.7|X1.8|C1.6,93.6,21019.0,1.048e+23,76.128,4.951
TARP,8078,2002-07-16 17:36:00,2002-07-17 17:36:00,True,C1.7|M2.2|C1.7|X1.8|C1.6,93.6,20928.0,1.039e+23,75.915,4.959
TARP,8078,2002-07-16 19:12:00,2002-07-17 19:12:00,True,C1.7|M2.2|C1.7|X1.8|C1.6|C1.7,93.6,20877.0,1.032e+23,75.976,4.966
TARP,8078,2002-07-16 20:48:00,2002-07-17 20:48:00,True,M2.2|C1.7|X1.8|C1.6|C1.7,95.3,20863.0,1.031e+23,76.434,4.988
TARP,8078,2002-07-16 22:24:00,2002-07-17 22:24:00,True,M2.2|C1.7|X1.8|C1.6|C1.7,92.7,20657.0,1.018e+23,76.121,4.969
TARP,8078,2002-07-17 00:00:00,2002-07-18 00:00:00,True,M2.2|C1.7|X1.8|C1.6|C1.7,90.7,20516.0,1.006e+23,75.296,4.922
TARP,8078,2002-07-17 01:36:00,2002-07-18 01:36:00,True,M2.2|C1.7|X1.8|C1.6|C1.7,90.7,20308.0,9.98e+22,75.453,4.901
TARP,8078,2002-07-17 03:12:00,2002-07-18 03:12:00,True,M2.2|C1.7|X1.8|C1.6|C1.7,90.7,20193.0,9.844e+22,74.574,4.876
TARP,8078,2002-07-17 04:48:00,2002-07-18 04:48:00,True,C1.7|X1.8|C1.6|C1.7,112.7,20060.0,9.74e+22,73.668,4.865
TARP,8078,2002-07-17 06:24:00,2002-07-18 06:24:00,True,C1.7|X1.8|C1.6|C1.7|C1.2,108.7,19867.0,9.573e+22,73.345,4.84
TARP,10469,2004-04-15 20:48:00,2004-04-16 20:48:00,False,,0.0,3387.0,9.831e+21,45.047,3.379
TARP,10583,2004-06-04 00:00:00,2004-06-05 00:00:00,False,,0.0,7119.0,2.613e+22,61.077,3.564
TARP,4407,2000-10-05 12:48:00,2000-10-06 12:48:00,False,,0.0,3557.0,9.087e+21,47.477,0.0
TARP,7767,2002-05-15 22:24:00,2002-05-16 22:24:00,False,,0.0,8830.0,3.554e+22,63.773,3.504
TARP,7767,2002-05-20 00:00:00,2002-05-21 00:00:00,False,,0.0,7164.0,2.392e+22,47.346,4.05
TARP,1146,1998-06-12 06:24:00,1998-06-13 06:24:00,False,,0.0,6374.0,1.851e+22,38.267,3.96
TARP,1594,1999-03-19 19:12:00,1999-03-20 19:12:00,False,,0.0,1432.0,3.107e+21,43.147,0.0
TARP,1594,1999-03-20 19:12:00,1999-03-21 19:12:00,False,,0.0,1812.0,4.235e+21,53.337,2.563
TARP,1966,1999-06-19 12:48:00,1999-06-20 12:48:00,False,,0.0,2739.0,7.301e+21,45.157,3.259
TARP,7309,2002-03-03 12:48:00,2002-03-04 12:48:00,False,,0.0,546.0,1.146e+21,41.152,0.0
TARP,11589,2005-09-09 17:36:00,2005-09-10 17:36:00,True,M4.1|X2.1|M3.4|C7.1|C4.4|M3.0,808.5,8819.0,5.631e+22,73.722,4.9
TARP,11589,2005-09-09 19:12:00,2005-09-10 19:12:00,True,X2.1|M3.4|C7.1|C4.4|M3.0,849.5,8889.0,5.689e+22,75.295,4.907
TARP,11589,2005-09-09 20:48:00,2005-09-10 20:48:00,True,X2.1|M3.4|C7.1|C4.4|M3.0,229.5,9015.0,5.746e+22,76.564,4.946
TARP,848,1998-02-16 08:00:00,1998-02-17 08:00:00,False,,0.0,2455.0,5.638e+21,40.996,1.966
TARP,1723,1999-04-21 06:24:00,1999-04-22 06:24:00,False,,0.0,4622.0,1.964e+22,69.227,3.757
TARP,5881,2001-07-15 22:24:00,2001-07-16 22:24:00,False,,0.0,19413.0,6.489e+22,51.194,3.534
TARP,1011,1998-04-15 09:36:00,1998-04-16 09:36:00,False,,0.0,2594.0,7.369e+21,48.152,3.852
TARP,1011,1998-04-17 01:36:00,1998-04-18 01:36:00,False,,0.0,1629.0,2.631e+21,26.478,0.0
TARP,11112,2005-01-13 01:36:00,2005-01-14 01:36:00,True,B8.6|C1.4|C1.0|B6.7|B8.1|C6.8|C1.4|C1.8|C1.9|C1.0|C8.9|C2.1|C2.4|M1.8|C8.0|C2.5|C2.8|M1.5|C6.8|C7.7|C3.3|C1.4|C1.2|M1.9|C9.6|C3.0|C6.0|C5.6|X1.2,1.0,5239.0,5.322e+22,109.107,5.139
TARP,11112,2005-01-13 03:12:00,2005-01-14 03:12:00,True,C1.0|B6.7|B8.1|C6.8|C1.4|C1.8|C1.9|C1.0|C8.9|C2.1|C2.4|M1.8|C8.0|C2.5|C2.8|M1.5|C6.8|C7.7|C3.3|C1.4|C1.2|M1.9|C9.6|C3.0|C6.0|C5.6|X1.2|C2.9,3.3,5294.0,5.422e+22,108.806,5.066
TARP,11112,2005-01-13 04:48:00,2005-01-14 04:48:00,True,C1.0|B6.7|B8.1|C6.8|C1.4|C1.8|C1.9|C1.0|C8.9|C2.1|C2.4|M1.8|C8.0|C2.5|C2.8|M1.5|C6.8|C7.7|C3.3|C1.4|C1.2|M1.9|C9.6|C3.0|C6.0|C5.6|X1.2|C2.9|C4.2|M1.3|M8.4,3.3,5357.0,5.509e+22,108.256,5.146
TARP,11112,2005-01-13 06:24:00,2005-01-14 06:24:00,True,B8.1|C6.8|C1.4|C1.8|C1.9|C1.0|C8.9|C2.1|C2.4|M1.8|C8.0|C2.5|C2.8|M1.5|C6.8|C7.7|C3.3|C1.4|C1.2|M1.9|C9.6|C3.0|C6.0|C5.6|X1.2|C2.9|C4.2|M1.3|M8.4|M8.6,4.9,5419.0,5.592e+22,110.767,5.203
TARP,11112,2005-01-13 08:00:00,2005-01-14 08:00:00,True,C1.4|C1.8|C1.9|C1.0|C8.9|C2.1|C2.4|M1.8|C8.0|C2.5|C2.8|M1.5|C6.8|C7.7|C3.3|C1.4|C1.2|M1.9|C9.6|C3.0|C6.0|C5.6|X1.2|C2.9|C4.2|M1.3|M8.4|M8.6,12.5,5473.0,5.69e+22,111.481,5.241
TARP,11112,2005-01-13 09:36:00,2005-01-14 09:36:00,True,C1.0|C8.9|C2.1|C2.4|M1.8|C8.0|C2.5|C2.8|M1.5|C6.8|C7.7|C3.3|C1.4|C1.2|M1.9|C9.6|C3.0|C6.0|C5.6|X1.2|C2.9|C4.2|M1.3|M8.4|M8.6,17.6,5493.0,5.787e+22,113.626,5.262
TARP,11112,2005-01-13 12:48:00,2005-01-14 12:48:00,True,C2.4|M1.8|C8.0|C2.5|C2.8|M1.5|C6.8|C7.7|C3.3|C1.4|C1.2|M1.9|C9.6|C3.0|C6.0|C5.6|X1.2|C2.9|C4.2|M1.3|M8.4|M8.6|M1.2|C7.4,29.6,5626.0,6.05e+22,118.453,5.273
TARP,11112,2005-01-13 14:24:00,2005-01-14 14:24:00,True,C8.0|C2.5|C2.8|M1.5|C6.8|C7.7|C3.3|C1.4|C1.2|M1.9|C9.6|C3.0|C6.0|C5.6|X1.2|C2.9|C4.2|M1.3|M8.4|M8.6|M1.2|C7.4|C5.5,50.0,5694.0,6.141e+22,118.676,5.308
TARP,11112,2005-01-13 16:00:00,2005-01-14 16:00:00,True,C2.5|C2.8|M1.5|C6.8|C7.7|C3.3|C1.4|C1.2|M1.9|C9.6|C3.0|C6.0|C5.6|X1.2|C2.9|C4.2|M1.3|M8.4|M8.6|M1.2|C7.4|C5.5,58.0,5730.0,6.259e+22,121.184,5.337
TARP,11112,2005-01-13 17:36:00,2005-01-14 17:36:00,True,M1.5|C6.8|C7.7|C3.3|C1.4|C1.2|M1.9|C9.6|C3.0|C6.0|C5.6|X1.2|C2.9|C4.2|M1.3|M8.4|M8.6|M1.2|C7.4|C5.5|C8.0|C7.2,63.3,5794.0,6.329e+22,120.308,5.34
TARP,11112,2005-01-13 19:12:00,2005-01-14 19:12:00,True,C1.4|C1.2|M1.9|C9.6|C3.0|C6.0|C5.6|X1.2|C2.9|C4.2|M1.3|M8.4|M8.6|M1.2|C7.4|C5.5|C8.0|C7.2|C4.2|C2.9|C8.8,96.1,5871.0,6.401e+22,119.423,5.367
TARP,11112,2005-01-13 20:48:00,2005-01-14 20:48:00,True,M1.9|C9.6|C3.0|C6.0|C5.6|X1.2|C2.9|C4.2|M1.3|M8.4|M8.6|M1.2|C7.4|C5.5|C8.0|C7.2|C4.2|C2.9|C8.8|C3.5|C5.4,98.7,5972.0,6.509e+22,121.317,5.382
TARP,11112,2005-01-13 22:24:00,2005-01-14 22:24:00,True,C6.0|C5.6|X1.2|C2.9|C4.2|M1.3|M8.4|M8.6|M1.2|C7.4|C5.5|C8.0|C7.2|C4.2|C2.9|C8.8|C3.5|C5.4|M1.0,130.3,6070.0,6.607e+22,120.952,5.401
TARP,11112,2005-01-14 00:00:00,2005-01-15 00:00:00,True,X1.2|C2.9|C4.2|M1.3|M8.4|M8.6|M1.2|C7.4|C5.5|C8.0|C7.2|C4.2|C2.9|C8.8|C3.5|C5.4|M1.0|X2.6,141.9,6185.0,6.663e+22,120.187,5.39
TARP,11112,2005-01-14 01:36:00,2005-01-15 01:36:00,True,C2.9|C4.2|M1.3|M8.4|M8.6|M1.2|C7.4|C5.5|C8.0|C7.2|C4.2|C2.9|C8.8|C3.5|C5.4|M1.0|X2.6,260.9,6314.0,6.743e+22,118.761,5.387
TARP,11112,2005-01-14 03:12:00,2005-01-15 03:12:00,True,C4.2|M1.3|M8.4|M8.6|M1.2|C7.4|C5.5|C8.0|C7.2|C4.2|C2.9|C8.8|C3.5|C5.4|M1.0|X2.6,261.6,6407.0,6.812e+22,117.982,5.372
TARP,11112,2005-01-14 04:48:00,2005-01-15 04:48:00,True,M8.6|M1.2|C7.4|C5.5|C8.0|C7.2|C4.2|C2.9|C8.8|C3.5|C5.4|M1.0|X2.6,362.8,6477.0,6.827e+22,116.58,5.374
TARP,11112,2005-01-14 06:24:00,2005-01-15 06:24:00,True,M1.2|C7.4|C5.5|C8.0|C7.2|C4.2|C2.9|C8.8|C3.5|C5.4|M1.0|X2.6,447.1,6540.0,6.84e+22,117.026,5.346
TARP,11112,2005-01-14 08:00:00,2005-01-15 08:00:00,True,M1.2|C7.4|C5.5|C8.0|C7.2|C4.2|C2.9|C8.8|C3.5|C5.4|M1.0|X2.6|C4.4,439.5,6609.0,6.878e+22,117.39,5.377
TARP,11112,2005-01-14 09:36:00,2005-01-15 09:36:00,True,M1.2|C7.4|C5.5|C8.0|C7.2|C4.2|C2.9|C8.8|C3.5|C5.4|M1.0|X2.6|C4.4,434.4,6657.0,6.92e+22,116.865,5.384
TARP,11112,2005-01-14 11:12:00,2005-01-15 11:12:00,True,M1.2|C7.4|C5.5|C8.0|C7.2|C4.2|C2.9|C8.8|C3.5|C5.4|M1.0|X2.6|C4.4|C4.0,424.5,6715.0,6.977e+22,116.913,5.396
TARP,11112,2005-01-14 12:48:00,2005-01-15 12:48:00,True,C5.5|C8.0|C7.2|C4.2|C2.9|C8.8|C3.5|C5.4|M1.0|X2.6|C4.4|C4.0,441.8,6784.0,7.069e+22,118.319,5.347
TARP,11112,2005-01-14 14:24:00,2005-01-15 14:24:00,True,C8.0|C7.2|C4.2|C2.9|C8.8|C3.5|C5.4|M1.0|X2.6|C4.4|C4.0,426.9,6845.0,7.13e+22,117.759,5.384
TARP,11112,2005-01-14 16:00:00,2005-01-15 16:00:00,True,C8.0|C7.2|C4.2|C2.9|C8.8|C3.5|C5.4|M1.0|X2.6|C4.4|C4.0|C2.9|C5.9,418.9,6902.0,7.2e+22,117.329,5.385
TARP,11112,2005-01-14 17:36:00,2005-01-15 17:36:00,True,C4.2|C2.9|C8.8|C3.5|C5.4|M1.0|X2.6|C4.4|C4.0|C2.9|C5.9,428.8,6986.0,7.209e+22,115.99,5.422
TARP,11112,2005-01-14 19:12:00,2005-01-15 19:12:00,True,C3.5|C5.4|M1.0|X2.6|C4.4|C4.0|C2.9|C5.9|C2.0|C3.7,411.9,7017.0,7.23e+22,115.22,5.403
TARP,11112,2005-01-14 20:48:00,2005-01-15 20:48:00,True,M1.0|X2.6|C4.4|C4.0|C2.9|C5.9|C2.0|C3.7,418.2,7047.0,7.281e+22,117.171,5.437
TARP,11112,2005-01-14 22:24:00,2005-01-15 22:24:00,True,X2.6|C4.4|C4.0|C2.9|C5.9|C2.0|C3.7|M2.4,396.6,7090.0,7.279e+22,115.946,5.429
TARP,11112,2005-01-15 08:00:00,2005-01-16 08:00:00,True,C4.0|C2.9|C5.9|C2.0|C3.7|M2.4|C3.9|M2.6|C3.9|X3.8,339.3,7452.0,7.459e+22,112.628,5.417
TARP,11112,2005-01-15 09:36:00,2005-01-16 09:36:00,True,C4.0|C2.9|C5.9|C2.0|C3.7|M2.4|C3.9|M2.6|C3.9|X3.8,339.3,7483.0,7.492e+22,114.523,5.438
TARP,11112,2005-01-15 11:12:00,2005-01-16 11:12:00,True,C2.9|C5.9|C2.0|C3.7|M2.4|C3.9|M2.6|C3.9|X3.8,343.3,7507.0,7.531e+22,116.891,5.406
TARP,11112,2005-01-15 12:48:00,2005-01-16 12:48:00,True,C2.9|C5.9|C2.0|C3.7|M2.4|C3.9|M2.6|C3.9|X3.8,323.9,7546.0,7.548e+22,116.205,5.419
TARP,11112,2005-01-15 14:24:00,2005-01-16 14:24:00,True,C2.9|C5.9|C2.0|C3.7|M2.4|C3.9|M2.6|C3.9|X3.8,318.4,7578.0,7.606e+22,116.985,5.407
TARP,11112,2005-01-15 16:00:00,2005-01-16 16:00:00,True,C2.0|C3.7|M2.4|C3.9|M2.6|C3.9|X3.8,327.2,7661.0,7.599e+22,116.703,5.422
TARP,11112,2005-01-15 17:36:00,2005-01-16 17:36:00,True,C2.0|C3.7|M2.4|C3.9|M2.6|C3.9|X3.8,312.0,7731.0,7.596e+22,115.088,5.414
TARP,11112,2005-01-15 19:12:00,2005-01-16 19:12:00,True,M2.4|C3.9|M2.6|C3.9|X3.8,301.8,7785.0,7.539e+22,111.914,5.384
TARP,11112,2005-01-15 20:48:00,2005-01-16 20:48:00,True,M2.4|C3.9|M2.6|C3.9|X3.8,292.9,7818.0,7.569e+22,113.909,5.363
TARP,11112,2005-01-15 22:24:00,2005-01-16 22:24:00,True,C3.9|M2.6|C3.9|X3.8,306.9,7883.0,7.576e+22,113.655,5.367
TARP,11112,2005-01-16 00:00:00,2005-01-17 00:00:00,True,C3.9|M2.6|C3.9|X3.8,46.9,7927.0,7.578e+22,114.074,5.369
TARP,11112,2005-01-16 01:36:00,2005-01-17 01:36:00,True,C3.9|M2.6|C3.9|X3.8|C6.0,46.9,7965.0,7.555e+22,112.904,5.374
TARP,11112,2005-01-16 03:12:00,2005-01-17 03:12:00,True,C3.9|X3.8|C6.0|C3.2,76.8,8001.0,7.577e+22,113.358,5.372
TARP,11112,2005-01-16 04:48:00,2005-01-17 04:48:00,True,C3.9|X3.8|C6.0|C3.2,76.8,8047.0,7.574e+22,112.622,5.357
TARP,11112,2005-01-16 06:24:00,2005-01-17 06:24:00,True,X3.8|C6.0|C3.2|C2.0|C6.1,80.7,8123.0,7.549e+22,112.263,5.345
TARP,11112,2005-01-17 09:36:00,2005-01-18 09:36:00,True,M1.6|M4.6|C2.1|C4.2|C1.8|C7.2|M6.7|X1.3,19.7,8242.0,6.552e+22,92.522,5.216
TARP,11112,2005-01-17 11:12:00,2005-01-18 11:12:00,True,M1.6|M4.6|C2.1|C4.2|C1.8|C7.2|M6.7|X1.3|M2.7,19.7,8221.0,6.498e+22,91.892,5.219
TARP,11112,2005-01-17 12:48:00,2005-01-18 12:48:00,True,M4.6|C2.1|C4.2|C1.8|C7.2|M6.7|X1.3|M2.7,35.7,8195.0,6.438e+22,94.068,5.214
TARP,11112,2005-01-17 14:24:00,2005-01-18 14:24:00,True,M4.6|C2.1|C4.2|C1.8|C7.2|M6.7|X1.3|M2.7,35.7,8149.0,6.386e+22,90.479,5.211
TARP,11112,2005-01-18 17:36:00,2005-01-19 17:36:00,True,C1.6|C4.8|X7.1|C8.0,255.3,8373.0,5.261e+22,70.874,5.031
TARP,11112,2005-01-18 19:12:00,2005-01-19 19:12:00,True,C1.6|C4.8|X7.1|C8.0|C3.6,249.0,8397.0,5.116e+22,64.729,4.981
TARP,11112,2005-01-18 20:48:00,2005-01-19 20:48:00,True,C1.6|C4.8|X7.1|C8.0|C3.6,249.0,8384.0,5.236e+22,67.952,4.97
TARP,11112,2005-01-18 22:24:00,2005-01-19 22:24:00,True,C1.6|C4.8|X7.1|C8.0|C3.6|C4.5,249.0,8350.0,5.132e+22,63.755,4.999
TARP,11112,2005-01-19 00:00:00,2005-01-20 00:00:00,True,C1.6|C4.8|X7.1|C8.0|C3.6|C4.5,249.0,8346.0,5.084e+22,62.084,4.96
TARP,11112,2005-01-19 01:36:00,2005-01-20 01:36:00,True,C4.8|X7.1|C8.0|C3.6|C4.5|C5.8,250.6,8377.0,5.074e+22,63.838,4.958
TARP,12307,2007-01-10 01:36:00,2007-01-11 01:36:00,False,,0.0,1376.0,3.633e+21,56.122,3.154
TARP,4651,2000-11-18 20:48:00,2000-11-19 20:48:00,False,,0.0,7541.0,2.078e+22,52.471,3.324
TARP,1461,1999-02-09 04:48:00,1999-02-10 04:48:00,False,,0.0,779.0,1.35e+21,30.685,0.0
TARP,2902,2000-01-09 16:00:00,2000-01-10 16:00:00,False,,0.0,3746.0,6.736e+21,32.897,0.0
TARP,2902,2000-01-14 14:24:00,2000-01-15 14:24:00,False,,0.0,2365.0,5.712e+21,46.759,0.0
TARP,7607,2002-04-18 03:12:00,2002-04-19 03:12:00,False,,0.0,4495.0,1.877e+22,68.939,3.63
TARP,7607,2002-04-18 06:24:00,2002-04-19 06:24:00,False,,0.0,4548.0,1.893e+22,69.003,3.645
TARP,10079,2003-12-01 12:48:00,2003-12-02 12:48:00,False,,0.0,1340.0,4.284e+21,56.808,0.0
TARP,10079,2003-12-05 19:12:00,2003-12-06 19:12:00,False,,0.0,831.0,2.201e+21,45.351,3.462
TARP,5318,2001-03-27 11:12:00,2001-03-28 11:12:00,True,M1.6|M2.2|C5.5|X1.7,37.4,44707.0,2.109e+23,70.48,5.464
TARP,5318,2001-03-27 12:48:00,2001-03-28 12:48:00,True,M1.6|M2.2|C5.5|X1.7,37.4,44402.0,2.101e+23,70.664,5.473
TARP,5318,2001-03-27 14:24:00,2001-03-28 14:24:00,True,M1.6|M2.2|C5.5|X1.7,37.4,44186.0,2.102e+23,71.007,5.521
TARP,5318,2001-03-27 16:00:00,2001-03-28 16:00:00,True,M1.6|M2.2|C5.5|X1.7|M1.2,31.8,43970.0,2.096e+23,71.308,5.496
TARP,5318,2001-03-27 17:36:00,2001-03-28 17:36:00,True,M1.6|M2.2|C5.5|X1.7|M1.2,9.8,43630.0,2.093e+23,71.617,5.518
TARP,5318,2001-03-27 19:12:00,2001-03-28 19:12:00,True,M1.6|M2.2|C5.5|X1.7|M1.2,5.6,43219.0,2.081e+23,72.133,5.508
TARP,10305,2004-02-14 03:12:00,2004-02-15 03:12:00,False,,0.0,10209.0,2.263e+22,45.875,0.0
TARP,4235,2000-09-01 04:48:00,2000-09-02 04:48:00,False,,0.0,4700.0,9.809e+21,40.284,0.0
TARP,5645,2001-05-20 08:00:00,2001-05-21 08:00:00,False,,0.0,4366.0,1.219e+22,47.021,3.562
TARP,5645,2001-05-22 09:36:00,2001-05-23 09:36:00,False,,0.0,6895.0,1.875e+22,50.372,0.0
TARP,7706,2002-05-09 01:36:00,2002-05-10 01:36:00,False,,0.0,16055.0,4.049e+22,43.263,3.576
TARP,12144,2006-10-06 17:36:00,2006-10-07 17:36:00,False,,0.0,1797.0,3.927e+21,41.557,3.152
TARP,13259,2010-02-09 04:48:00,2010-02-10 04:48:00,False,,0.0,3077.0,9.803e+21,47.617,2.862
TARP,2091,1999-07-19 09:36:00,1999-07-20 09:36:00,False,,0.0,2367.0,6.643e+21,50.246,2.992
TARP,5667,2001-05-24 19:12:00,2001-05-25 19:12:00,False,,0.0,708.0,1.587e+21,50.602,0.0
TARP,11739,2005-12-24 03:12:00,2005-12-25 03:12:00,False,,0.0,1228.0,2.298e+21,34.422,0.0
TARP,8838,2002-12-16 17:36:00,2002-12-17 17:36:00,False,,0.0,5504.0,1.275e+22,42.835,3.476
TARP,5162,2001-02-23 01:36:00,2001-02-24 01:36:00,False,,0.0,7952.0,2.056e+22,48.707,2.701
TARP,10346,2004-02-27 06:24:00,2004-02-28 06:24:00,False,,0.0,4223.0,1.897e+22,67.646,3.402
TARP,4487,2000-10-24 08:00:00,2000-10-25 08:00:00,False,,0.0,3207.0,6.862e+21,35.364,0.0
TARP,6659,2001-12-05 03:12:00,2001-12-06 03:12:00,False,,0.0,12247.0,4.115e+22,52.666,2.991
TARP,4940,2001-01-01 08:00:00,2001-01-02 08:00:00,False,,0.0,1268.0,3.477e+21,52.401,2.931
TARP,1459,1999-02-09 03:12:00,1999-02-10 03:12:00,False,,0.0,4477.0,1.832e+22,52.593,4.166
TARP,11640,2005-10-15 12:48:00,2005-10-16 12:48:00,False,,0.0,915.0,2.674e+21,47.144,0.0
TARP,4282,2000-09-13 06:24:00,2000-09-14 06:24:00,False,,0.0,10377.0,2.525e+22,43.985,0.0
TARP,12281,2006-12-27 01:36:00,2006-12-28 01:36:00,False,,0.0,1069.0,2.711e+21,55.22,2.445
TARP,9631,2003-07-13 12:48:00,2003-07-14 12:48:00,False,,0.0,1571.0,3.725e+21,45.625,3.477
TARP,7082,2002-01-29 11:12:00,2002-01-30 11:12:00,False,,0.0,15665.0,7.282e+22,72.461,4.347
TARP,2068,1999-07-10 00:00:00,1999-07-11 00:00:00,False,,0.0,1332.0,3.667e+21,54.798,0.0
TARP,13643,2010-10-11 03:12:00,2010-10-12 03:12:00,False,,0.0,4384.0,1.161e+22,41.668,3.148
TARP,9226,2003-03-16 12:48:00,2003-03-17 12:48:00,False,,0.0,8632.0,3.614e+22,52.148,4.213
TARP,9430,2003-05-10 00:00:00,2003-05-11 00:00:00,False,,0.0,819.0,1.745e+21,41.61,0.0
TARP,9430,2003-05-11 08:00:00,2003-05-12 08:00:00,False,,0.0,659.0,1.375e+21,41.859,0.0
TARP,3380,2000-04-03 09:36:00,2000-04-04 09:36:00,False,,0.0,3001.0,9.095e+21,51.077,3.074
TARP,11315,2005-04-14 09:36:00,2005-04-15 09:36:00,False,,0.0,1563.0,3.284e+21,49.536,0.0
TARP,6069,2001-08-19 11:12:00,2001-08-20 11:12:00,False,,0.0,2047.0,5.811e+21,51.862,2.261
TARP,5836,2001-07-02 20:48:00,2001-07-03 20:48:00,False,,0.0,4170.0,1.176e+22,45.772,0.0
TARP,8610,2002-10-26 20:48:00,2002-10-27 20:48:00,False,,0.0,961.0,3.212e+21,55.796,3.312
TARP,8610,2002-10-28 03:12:00,2002-10-29 03:12:00,False,,0.0,2188.0,6.52e+21,52.161,0.0
TARP,5366,2001-03-30 22:24:00,2001-03-31 22:24:00,False,,0.0,5181.0,1.674e+22,46.46,3.737
TARP,1041,1998-04-30 14:24:00,1998-05-01 14:24:00,True,C1.7|X1.1,0.0,7318.0,3.441e+22,66.189,4.351
TARP,1041,1998-04-30 16:00:00,1998-05-01 16:00:00,True,X1.1,1.7,7401.0,3.471e+22,65.582,4.493
TARP,1041,1998-04-30 17:36:00,1998-05-01 17:36:00,True,X1.1,1.7,7440.0,3.514e+22,66.739,4.451
TARP,1041,1998-04-30 19:12:00,1998-05-01 19:12:00,True,X1.1,1.7,7514.0,3.561e+22,67.921,4.481
TARP,1041,1998-04-30 20:48:00,1998-05-01 20:48:00,True,X1.1|C5.6,1.7,7532.0,3.57e+22,68.58,4.462
TARP,1041,1998-04-30 22:24:00,1998-05-01 22:24:00,True,X1.1|C5.6,1.7,7555.0,3.589e+22,68.472,4.58
TARP,1041,1998-05-01 00:00:00,1998-05-02 00:00:00,True,X1.1|C5.6,1.7,7801.0,3.657e+22,67.628,4.64
TARP,1041,1998-05-01 01:36:00,1998-05-02 01:36:00,True,X1.1|C5.6,1.7,7868.0,3.67e+22,66.641,4.561
TARP,1041,1998-05-01 03:12:00,1998-05-02 03:12:00,True,X1.1|C5.6,1.7,7946.0,3.704e+22,66.985,4.558
TARP,1041,1998-05-01 04:48:00,1998-05-02 04:48:00,True,X1.1|C5.6,1.7,7956.0,3.716e+22,66.403,4.582
TARP,1041,1998-05-01 06:24:00,1998-05-02 06:24:00,True,X1.1|C5.6,1.7,8021.0,3.782e+22,67.746,4.574
TARP,1041,1998-05-01 08:00:00,1998-05-02 08:00:00,True,X1.1|C5.6,1.7,8056.0,3.798e+22,68.047,4.65
TARP,1041,1998-05-01 09:36:00,1998-05-02 09:36:00,True,X1.1|C5.6,1.7,8094.0,3.808e+22,67.677,4.648
TARP,1041,1998-05-01 11:12:00,1998-05-02 11:12:00,True,X1.1|C5.6,1.7,8065.0,3.807e+22,67.331,4.654
TARP,1041,1998-05-01 12:48:00,1998-05-02 12:48:00,True,X1.1|C5.6,1.7,8030.0,3.778e+22,66.651,4.621
TARP,12946,2009-01-10 04:48:00,2009-01-11 04:48:00,False,,0.0,2072.0,5.551e+21,57.952,2.754
TARP,12946,2009-01-13 16:00:00,2009-01-14 16:00:00,False,,0.0,997.0,2.267e+21,45.788,2.389
TARP,3233,2000-03-11 04:48:00,2000-03-12 04:48:00,False,,0.0,1531.0,3.534e+21,45.975,2.499
TARP,2585,1999-11-04 16:00:00,1999-11-05 16:00:00,False,,0.0,6260.0,1.42e+22,47.652,3.094
TARP,2585,1999-11-06 04:48:00,1999-11-07 04:48:00,False,,0.0,4555.0,1.065e+22,46.882,0.0
TARP,6223,2001-09-30 14:24:00,2001-10-01 14:24:00,False,,0.0,24293.0,8.297e+22,58.975,4.761
TARP,2457,1999-10-03 03:12:00,1999-10-04 03:12:00,False,,0.0,1673.0,4.386e+21,50.352,0.0
TARP,5752,2001-06-09 09:36:00,2001-06-10 09:36:00,False,,0.0,1512.0,4.964e+21,64.373,3.728
TARP,3034,2000-02-10 20:48:00,2000-02-11 20:48:00,False,,0.0,7970.0,1.91e+22,44.408,0.0
TARP,13163,2009-11-20 00:00:00,2009-11-21 00:00:00,False,,0.0,2214.0,6.047e+21,51.461,2.224
TARP,3552,2000-04-30 16:00:00,2000-05-01 16:00:00,False,,0.0,1094.0,2.254e+21,41.142,2.587
TARP,3552,2000-05-03 08:00:00,2000-05-04 08:00:00,False,,0.0,1155.0,1.946e+21,36.087,0.0
TARP,2162,1999-08-04 01:36:00,1999-08-05 01:36:00,False,,0.0,2419.0,5.104e+21,44.565,1.911
TARP,6368,2001-10-23 16:00:00,2001-10-24 16:00:00,True,C2.0|X1.3,2.8,25517.0,1.011e+23,58.488,4.906
TARP,6368,2001-10-23 17:36:00,2001-10-24 17:36:00,True,X1.3,4.8,25321.0,1.006e+23,58.525,4.887
TARP,6368,2001-10-23 19:12:00,2001-10-24 19:12:00,True,X1.3,4.8,25221.0,9.97e+22,57.857,4.876
TARP,6368,2001-10-23 20:48:00,2001-10-24 20:48:00,True,X1.3,4.8,25030.0,9.877e+22,57.586,4.847
TARP,6368,2001-10-23 22:24:00,2001-10-24 22:24:00,True,X1.3,4.8,24672.0,9.873e+22,60.391,4.842
TARP,6368,2001-10-24 00:00:00,2001-10-25 00:00:00,True,X1.3,4.8,24556.0,9.827e+22,59.898,4.837
TARP,6368,2001-10-24 01:36:00,2001-10-25 01:36:00,True,X1.3,4.8,24187.0,9.709e+22,59.871,4.794
TARP,6368,2001-10-24 03:12:00,2001-10-25 03:12:00,True,X1.3,4.8,23874.0,9.622e+22,59.632,4.836
TARP,6368,2001-10-24 04:48:00,2001-10-25 04:48:00,True,X1.3,4.8,23590.0,9.483e+22,59.398,4.89
TARP,6368,2001-10-24 06:24:00,2001-10-25 06:24:00,True,X1.3,4.8,23392.0,9.41e+22,59.277,4.851
TARP,6368,2001-10-24 08:00:00,2001-10-25 08:00:00,True,X1.3,4.8,23164.0,9.291e+22,59.414,4.875
TARP,6368,2001-10-24 09:36:00,2001-10-25 09:36:00,True,X1.3,4.8,23032.0,9.187e+22,59.522,4.892
TARP,6368,2001-10-24 11:12:00,2001-10-25 11:12:00,True,X1.3,2.0,22776.0,9.022e+22,58.718,4.869
TARP,6368,2001-10-24 12:48:00,2001-10-25 12:48:00,True,X1.3,2.0,22440.0,8.838e+22,58.173,4.869
TARP,6368,2001-10-24 14:24:00,2001-10-25 14:24:00,True,X1.3,2.0,22019.0,8.687e+22,58.179,4.871
TARP,5434,2001-04-16 17:36:00,2001-04-17 17:36:00,False,,0.0,1566.0,3.121e+21,40.824,0.0
TARP,6428,2001-10-27 08:00:00,2001-10-28 08:00:00,False,,0.0,1911.0,4.623e+21,47.175,0.0
TARP,6428,2001-10-27 22:24:00,2001-10-28 22:24:00,False,,0.0,1862.0,4.596e+21,48.801,3.252
TARP,1080,1998-05-12 17:36:00,1998-05-13 17:36:00,False,,0.0,661.0,1.484e+21,43.322,0.0
TARP,13072,2009-06-24 03:12:00,2009-06-25 03:12:00,False,,0.0,925.0,1.93e+21,47.599,0.0
TARP,8589,2002-10-27 16:00:00,2002-10-28 16:00:00,False,,0.0,5650.0,1.79e+22,51.568,3.055
TARP,6626,2001-11-26 16:00:00,2001-11-27 16:00:00,False,,0.0,7730.0,3.933e+22,71.681,4.259
TARP,10321,2004-02-15 19:12:00,2004-02-16 19:12:00,False,,0.0,479.0,1.408e+21,40.569,2.663
TARP,2888,2000-01-10 14:24:00,2000-01-11 14:24:00,False,,0.0,4438.0,1.184e+22,47.348,0.0
TARP,3286,2000-03-18 00:00:00,2000-03-19 00:00:00,False,,0.0,4531.0,2.382e+22,82.158,4.016
TARP,7788,2002-05-23 08:00:00,2002-05-24 08:00:00,False,,0.0,5026.0,1.317e+22,50.115,2.472
TARP,398,1997-06-12 14:24:00,1997-06-13 14:24:00,False,,0.0,1098.0,2.696e+21,47.552,3.043
TARP,380,1997-06-03 06:24:00,1997-06-04 06:24:00,False,,0.0,3229.0,7.514e+21,34.265,0.0
TARP,5159,2001-02-16 17:36:00,2001-02-17 17:36:00,False,,0.0,2371.0,8.432e+21,61.988,3.18
TARP,5077,2001-01-29 11:12:00,2001-01-30 11:12:00,False,,0.0,2206.0,6.159e+21,44.917,0.0
TARP,5077,2001-02-02 09:36:00,2001-02-03 09:36:00,False,,0.0,2600.0,7.191e+21,48.288,0.0
TARP,2382,1999-09-21 17:36:00,1999-09-22 17:36:00,False,,0.0,565.0,1.242e+21,39.764,0.0
TARP,3318,2000-03-24 00:00:00,2000-03-25 00:00:00,False,,0.0,1758.0,4.155e+21,50.986,1.966
TARP,8953,2003-01-06 01:36:00,2003-01-07 01:36:00,False,,0.0,1538.0,3.901e+21,48.974,2.193
TARP,8953,2003-01-08 11:12:00,2003-01-09 11:12:00,False,,0.0,3094.0,1.002e+22,56.467,0.0
TARP,8953,2003-01-10 19:12:00,2003-01-11 19:12:00,False,,0.0,3174.0,8.983e+21,57.109,3.658
TARP,8953,2003-01-10 20:48:00,2003-01-11 20:48:00,False,,0.0,3149.0,9.171e+21,57.905,3.748
TARP,8953,2003-01-12 16:00:00,2003-01-13 16:00:00,False,,0.0,1599.0,3.318e+21,40.561,2.739
TARP,2257,1999-08-26 19:12:00,1999-08-27 19:12:00,True,M2.8|X1.1,90.5,31700.0,1.572e+23,71.498,5.12
TARP,2257,1999-08-26 20:48:00,1999-08-27 20:48:00,True,M2.8|X1.1,90.5,31748.0,1.566e+23,71.014,5.142
TARP,2257,1999-08-26 22:24:00,1999-08-27 22:24:00,True,M2.8|X1.1,90.5,31772.0,1.558e+23,70.822,5.11
TARP,2257,1999-08-27 00:00:00,1999-08-28 00:00:00,True,M2.8|X1.1,90.5,31779.0,1.551e+23,70.286,5.098
TARP,2257,1999-08-27 01:36:00,1999-08-28 01:36:00,True,X1.1,118.5,31715.0,1.543e+23,69.943,5.101
TARP,2257,1999-08-27 03:12:00,1999-08-28 03:12:00,True,X1.1,118.5,31737.0,1.538e+23,69.293,5.088
TARP,2257,1999-08-27 04:48:00,1999-08-28 04:48:00,True,X1.1,118.5,31619.0,1.525e+23,68.987,5.092
TARP,2257,1999-08-27 06:24:00,1999-08-28 06:24:00,True,X1.1,118.5,31508.0,1.51e+23,68.83,5.09
TARP,2257,1999-08-27 08:00:00,1999-08-28 08:00:00,True,X1.1,113.0,31347.0,1.501e+23,68.533,5.074
TARP,2257,1999-08-27 09:36:00,1999-08-28 09:36:00,True,X1.1,113.0,31308.0,1.487e+23,68.085,5.068
TARP,2257,1999-08-27 11:12:00,1999-08-28 11:12:00,True,X1.1,113.0,31326.0,1.48e+23,67.974,5.093
TARP,2257,1999-08-27 12:48:00,1999-08-28 12:48:00,True,X1.1,113.0,31308.0,1.476e+23,67.597,5.053
TARP,2257,1999-08-27 14:24:00,1999-08-28 14:24:00,True,X1.1,58.0,31365.0,1.473e+23,67.315,5.076
TARP,2257,1999-08-27 16:00:00,1999-08-28 16:00:00,True,X1.1,58.0,31448.0,1.464e+23,66.597,5.066
TARP,2257,1999-08-27 17:36:00,1999-08-28 17:36:00,True,X1.1,28.0,31487.0,1.453e+23,65.992,5.089
TARP,1940,1999-06-13 03:12:00,1999-06-14 03:12:00,False,,0.0,5003.0,1.9e+22,56.892,3.54
TARP,1940,1999-06-16 08:00:00,1999-06-17 08:00:00,False,,0.0,4396.0,1.732e+22,61.525,3.626
TARP,4630,2000-11-13 04:48:00,2000-11-14 04:48:00,False,,0.0,697.0,1.835e+21,47.777,3.304
TARP,10672,2004-07-11 01:36:00,2004-07-12 01:36:00,False,,0.0,498.0,1.086e+21,53.948,0.0
TARP,5612,2001-05-12 01:36:00,2001-05-13 01:36:00,False,,0.0,783.0,1.618e+21,45.506,0.0
TARP,11551,2005-08-25 22:24:00,2005-08-26 22:24:00,False,,0.0,1504.0,3.026e+21,42.344,0.0
TARP,5376,2001-04-02 20:48:00,2001-04-03 20:48:00,False,,0.0,1504.0,3.301e+21,48.033,0.0
TARP,5376,2001-04-03 19:12:00,2001-04-04 19:12:00,False,,0.0,1085.0,2.821e+21,56.772,0.0
TARP,8296,2002-08-30 01:36:00,2002-08-31 01:36:00,False,,0.0,771.0,1.773e+21,48.755,0.0
TARP,9849,2003-09-18 11:12:00,2003-09-19 11:12:00,False,,0.0,3179.0,1.107e+22,58.118,2.734
TARP,3385,2000-04-06 04:48:00,2000-04-07 04:48:00,False,,0.0,2792.0,8.115e+21,55.034,2.773
TARP,3875,2000-07-03 16:00:00,2000-07-04 16:00:00,False,,0.0,3333.0,7.132e+21,34.632,0.0
TARP,2226,1999-08-15 03:12:00,1999-08-16 03:12:00,False,,0.0,1185.0,2.449e+21,41.405,0.0
TARP,6104,2001-08-25 17:36:00,2001-08-26 17:36:00,False,,0.0,604.0,1.183e+21,37.026,0.0
TARP,4656,2000-11-18 01:36:00,2000-11-19 01:36:00,False,,0.0,5431.0,1.601e+22,50.919,2.47
TARP,7641,2002-04-27 08:00:00,2002-04-28 08:00:00,False,,0.0,7058.0,2.14e+22,56.664,2.889
TARP,6393,2001-10-23 11:12:00,2001-10-24 11:12:00,False,,0.0,2944.0,7.093e+21,48.706,0.0
TARP,6393,2001-10-28 08:00:00,2001-10-29 08:00:00,False,,0.0,853.0,1.858e+21,39.207,0.0
TARP,9715,2003-08-04 14:24:00,2003-08-05 14:24:00,False,,0.0,1260.0,2.45e+21,39.273,0.0
TARP,8213,2002-08-19 06:24:00,2002-08-20 06:24:00,True,M3.4|C5.2|C9.9|C3.3|C6.2|C5.4|C6.4|C3.3|M1.4|X1.0,142.0,19800.0,1.056e+23,74.701,5.191
TARP,8213,2002-08-19 08:00:00,2002-08-20 08:00:00,True,M3.4|C5.2|C9.9|C3.3|C6.2|C5.4|C6.4|C3.3|M1.4|X1.0,142.0,19686.0,1.045e+23,74.477,5.197
TARP,8213,2002-08-19 09:36:00,2002-08-20 09:36:00,True,C5.2|C9.9|C3.3|C6.2|C5.4|C6.4|C3.3|M1.4|X1.0,176.0,19527.0,1.018e+23,70.434,5.184
TARP,8213,2002-08-19 11:12:00,2002-08-20 11:12:00,True,C5.2|C9.9|C3.3|C6.2|C5.4|C6.4|C3.3|M1.4|X1.0,156.0,19323.0,1.002e+23,69.672,5.205
TARP,12973,2009-02-25 19:12:00,2009-02-26 19:12:00,False,,0.0,612.0,1.213e+21,40.864,0.0
TARP,6132,2001-09-03 16:00:00,2001-09-04 16:00:00,False,,0.0,1016.0,2.237e+21,42.033,2.124
TARP,6446,2001-11-02 17:36:00,2001-11-03 17:36:00,True,X1.0,0.0,8776.0,4.398e+22,72.996,4.535
TARP,6446,2001-11-02 19:12:00,2001-11-03 19:12:00,True,X1.0,0.0,8826.0,4.417e+22,72.994,4.566
TARP,6446,2001-11-02 20:48:00,2001-11-03 20:48:00,True,X1.0,0.0,8820.0,4.395e+22,72.207,4.479
TARP,6446,2001-11-02 22:24:00,2001-11-03 22:24:00,True,X1.0,0.0,8809.0,4.38e+22,72.133,4.559
TARP,6446,2001-11-03 00:00:00,2001-11-04 00:00:00,True,X1.0,0.0,8798.0,4.376e+22,72.186,4.566
TARP,6446,2001-11-03 01:36:00,2001-11-04 01:36:00,True,X1.0,0.0,8755.0,4.361e+22,72.039,4.556
TARP,6446,2001-11-03 03:12:00,2001-11-04 03:12:00,True,X1.0,0.0,8790.0,4.369e+22,71.585,4.582
TARP,6446,2001-11-03 04:48:00,2001-11-04 04:48:00,True,X1.0,0.0,8742.0,4.339e+22,68.876,4.616
TARP,6446,2001-11-03 06:24:00,2001-11-04 06:24:00,True,X1.0,0.0,8803.0,4.364e+22,69.15,4.571
TARP,6446,2001-11-03 08:00:00,2001-11-04 08:00:00,True,X1.0,0.0,8791.0,4.357e+22,69.335,4.583
TARP,6446,2001-11-03 09:36:00,2001-11-04 09:36:00,True,X1.0|M2.1,0.0,8761.0,4.378e+22,71.243,4.595
TARP,6446,2001-11-03 11:12:00,2001-11-04 11:12:00,True,X1.0|M2.1,0.0,8729.0,4.372e+22,71.034,4.419
TARP,6446,2001-11-03 12:48:00,2001-11-04 12:48:00,True,X1.0|M2.1,0.0,8615.0,4.336e+22,71.09,4.458
TARP,6446,2001-11-03 14:24:00,2001-11-04 14:24:00,True,X1.0|M2.1,0.0,8601.0,4.243e+22,68.141,4.422
TARP,6446,2001-11-03 16:00:00,2001-11-04 16:00:00,True,X1.0|M2.1,0.0,8601.0,4.27e+22,70.489,4.464
TARP,3133,2000-02-17 06:24:00,2000-02-18 06:24:00,False,,0.0,2924.0,7.958e+21,51.528,2.554
TARP,2981,2000-01-26 14:24:00,2000-01-27 14:24:00,False,,0.0,1694.0,4.159e+21,39.864,3.135
TARP,3732,2000-06-04 17:36:00,2000-06-05 17:36:00,True,C3.8|C2.8|C2.4|X2.3,1.8,20523.0,8.216e+22,61.938,4.965
TARP,3732,2000-06-04 19:12:00,2000-06-05 19:12:00,True,C2.8|C2.4|X2.3,5.6,20826.0,8.29e+22,61.717,4.975
TARP,3732,2000-06-04 20:48:00,2000-06-05 20:48:00,True,C2.8|C2.4|X2.3,3.8,21006.0,8.334e+22,61.73,4.957
TARP,3732,2000-06-04 22:24:00,2000-06-05 22:24:00,True,C2.8|C2.4|X2.3,3.8,21187.0,8.406e+22,62.222,4.956
TARP,3732,2000-06-05 00:00:00,2000-06-06 00:00:00,True,C2.8|C2.4|X2.3,3.8,21426.0,8.468e+22,62.189,4.953
TARP,3732,2000-06-05 01:36:00,2000-06-06 01:36:00,True,C2.8|C2.4|X2.3,3.8,21701.0,8.57e+22,62.529,4.977
TARP,3732,2000-06-05 03:12:00,2000-06-06 03:12:00,True,C2.8|C2.4|X2.3,3.8,21887.0,8.606e+22,63.011,4.992
TARP,3732,2000-06-05 04:48:00,2000-06-06 04:48:00,True,C2.8|C2.4|X2.3,3.8,22041.0,8.627e+22,63.117,5.01
TARP,3732,2000-06-05 06:24:00,2000-06-06 06:24:00,True,C2.8|C2.4|X2.3,3.8,22192.0,8.707e+22,63.008,5.029
TARP,3732,2000-06-05 08:00:00,2000-06-06 08:00:00,True,C2.8|C2.4|X2.3,3.8,22193.0,8.768e+22,63.796,5.05
TARP,3732,2000-06-05 09:36:00,2000-06-06 09:36:00,True,X2.3,9.0,22206.0,8.753e+22,63.629,5.05
TARP,3732,2000-06-05 11:12:00,2000-06-06 11:12:00,True,X2.3,9.0,22158.0,8.656e+22,61.657,5.018
TARP,3732,2000-06-05 12:48:00,2000-06-06 12:48:00,True,X2.3|C2.1,9.0,21997.0,8.601e+22,62.267,5.025
TARP,3732,2000-06-05 14:24:00,2000-06-06 14:24:00,True,X2.3|C2.1,9.0,22015.0,8.711e+22,65.48,5.032
TARP,3732,2000-06-05 16:00:00,2000-06-06 16:00:00,True,C2.1|X1.2,239.0,22093.0,8.688e+22,65.52,5.003
TARP,3732,2000-06-05 17:36:00,2000-06-06 17:36:00,True,C2.1|X1.2,239.0,22259.0,8.702e+22,65.88,5.042
TARP,3732,2000-06-05 19:12:00,2000-06-06 19:12:00,True,C2.1|X1.2,235.2,22426.0,8.699e+22,65.453,4.984
TARP,3732,2000-06-05 20:48:00,2000-06-06 20:48:00,True,C2.1|X1.2,235.2,22547.0,8.739e+22,65.057,4.976
TARP,3732,2000-06-05 22:24:00,2000-06-06 22:24:00,True,C2.1|X1.2,235.2,22470.0,8.701e+22,64.737,4.991
TARP,3732,2000-06-06 00:00:00,2000-06-07 00:00:00,True,C2.1|X1.2,235.2,22020.0,8.599e+22,64.714,4.996
TARP,3732,2000-06-06 01:36:00,2000-06-07 01:36:00,True,C2.1|X1.2,235.2,22001.0,8.593e+22,65.065,5.0
TARP,3732,2000-06-06 03:12:00,2000-06-07 03:12:00,True,C2.1|X1.2,235.2,21978.0,8.554e+22,65.101,5.002
TARP,3732,2000-06-06 04:48:00,2000-06-07 04:48:00,True,C2.1|X1.2|C2.0,235.2,21888.0,8.523e+22,65.358,4.95
TARP,3732,2000-06-06 06:24:00,2000-06-07 06:24:00,True,C2.1|X1.2|C2.0|C2.2,235.2,21880.0,8.501e+22,65.739,4.977
TARP,3732,2000-06-06 08:00:00,2000-06-07 08:00:00,True,C2.1|X1.2|C2.0|C2.2,235.2,21897.0,8.51e+22,65.75,4.958
TARP,3732,2000-06-06 09:36:00,2000-06-07 09:36:00,True,C2.1|X1.2|C2.0|C2.2,230.0,21934.0,8.492e+22,65.798,4.958
TARP,3732,2000-06-06 11:12:00,2000-06-07 11:12:00,True,C2.1|X1.2|C2.0|C2.2,230.0,22093.0,8.54e+22,66.135,4.923
TARP,3732,2000-06-06 12:48:00,2000-06-07 12:48:00,True,X1.2|C2.0|C2.2,232.1,22121.0,8.556e+22,66.377,4.963
TARP,3732,2000-06-06 14:24:00,2000-06-07 14:24:00,True,X1.2|C2.0|C2.2,232.1,22086.0,8.536e+22,66.443,4.956
TARP,4046,2000-08-04 16:00:00,2000-08-05 16:00:00,False,,0.0,16813.0,5.198e+22,55.553,3.655
TARP,7288,2002-03-05 14:24:00,2002-03-06 14:24:00,False,,0.0,3514.0,8.493e+21,48.998,3.359
TARP,2807,1999-12-24 08:00:00,1999-12-25 08:00:00,False,,0.0,5384.0,2.082e+22,59.762,3.871
TARP,4449,2000-10-11 06:24:00,2000-10-12 06:24:00,False,,0.0,4256.0,1.456e+22,57.875,3.254
TARP,4449,2000-10-12 22:24:00,2000-10-13 22:24:00,False,,0.0,5449.0,1.885e+22,61.173,2.18
TARP,12708,2008-03-27 12:48:00,2008-03-28 12:48:00,False,,0.0,4387.0,1.972e+22,67.673,3.109
TARP,842,1998-02-10 17:36:00,1998-02-11 17:36:00,False,,0.0,174.0,5.899e+20,76.643,0.0
TARP,2957,2000-01-21 19:12:00,2000-01-22 19:12:00,False,,0.0,1932.0,4.553e+21,46.62,2.636
TARP,7174,2002-02-20 00:00:00,2002-02-21 00:00:00,False,,0.0,1805.0,4.745e+21,46.009,3.913
TARP,9962,2003-10-24 20:48:00,2003-10-25 20:48:00,True,X1.2,12.0,17100.0,1.033e+23,72.512,5.222
TARP,9962,2003-10-24 22:24:00,2003-10-25 22:24:00,True,X1.2,12.0,17151.0,1.046e+23,73.175,5.249
TARP,9962,2003-10-25 00:00:00,2003-10-26 00:00:00,True,X1.2,12.0,17180.0,1.059e+23,74.434,5.286
TARP,9962,2003-10-25 01:36:00,2003-10-26 01:36:00,True,X1.2|C6.2,12.0,17286.0,1.073e+23,75.266,5.282
TARP,9962,2003-10-25 03:12:00,2003-10-26 03:12:00,True,X1.2|C6.2,12.0,17425.0,1.086e+23,76.747,5.297
TARP,9962,2003-10-25 04:48:00,2003-10-26 04:48:00,True,X1.2|C6.2,0.0,17970.0,1.104e+23,75.98,5.273
TARP,9962,2003-10-26 11:12:00,2003-10-27 11:12:00,True,M6.7|C7.5|C6.8|C7.5|X17.,65.2,21520.0,1.337e+23,84.869,5.309
TARP,9962,2003-10-26 12:48:00,2003-10-27 12:48:00,True,C7.5|C6.8|C7.5|X17.,132.2,21710.0,1.347e+23,85.111,5.317
TARP,9962,2003-10-26 14:24:00,2003-10-27 14:24:00,True,C7.5|C6.8|C7.5|X17.,132.2,21998.0,1.36e+23,85.308,5.347
TARP,9962,2003-10-26 16:00:00,2003-10-27 16:00:00,True,C7.5|C6.8|C7.5|X17.,132.2,22124.0,1.372e+23,86.085,5.339
TARP,9962,2003-10-26 17:36:00,2003-10-27 17:36:00,True,C7.5|C6.8|C7.5|X17.,132.2,22161.0,1.383e+23,86.678,5.357
TARP,9962,2003-10-26 19:12:00,2003-10-27 19:12:00,True,C6.8|C7.5|X17.,139.7,22237.0,1.394e+23,87.376,5.368
TARP,9962,2003-10-26 20:48:00,2003-10-27 20:48:00,True,C6.8|C7.5|X17.,139.7,22352.0,1.402e+23,87.689,5.396
TARP,9962,2003-10-26 22:24:00,2003-10-27 22:24:00,True,C6.8|C7.5|X17.,139.7,22423.0,1.409e+23,88.132,5.402
TARP,9962,2003-10-27 00:00:00,2003-10-28 00:00:00,True,C7.5|X17.,146.5,22504.0,1.414e+23,88.072,5.41
TARP,9962,2003-10-27 01:36:00,2003-10-28 01:36:00,True,X17.|M1.1,147.8,22501.0,1.427e+23,88.743,5.397
TARP,9962,2003-10-27 03:12:00,2003-10-28 03:12:00,True,X17.|M1.1,147.8,22581.0,1.437e+23,88.97,5.393
TARP,9962,2003-10-27 04:48:00,2003-10-28 04:48:00,True,X17.|M1.1|M3.5,147.8,22659.0,1.45e+23,89.289,5.401
TARP,9962,2003-10-27 06:24:00,2003-10-28 06:24:00,True,X17.|M1.1|M3.5,138.8,22800.0,1.463e+23,89.547,5.406
TARP,9962,2003-10-27 08:00:00,2003-10-28 08:00:00,True,X17.|M1.1|M3.5,138.8,22919.0,1.47e+23,89.474,5.417
TARP,9962,2003-10-27 09:36:00,2003-10-28 09:36:00,True,X17.|M1.1|M3.5,88.8,22923.0,1.475e+23,89.217,5.417
TARP,9962,2003-10-31 17:36:00,2003-11-01 17:36:00,True,M3.2|C4.0|M1.0|X8.3,15.5,20269.0,1.089e+23,67.289,5.158
TARP,9962,2003-10-31 19:12:00,2003-11-01 19:12:00,True,M3.2|C4.0|M1.0|X8.3,15.5,19928.0,1.07e+23,66.656,5.136
TARP,9962,2003-10-31 20:48:00,2003-11-01 20:48:00,True,M3.2|C4.0|M1.0|X8.3,15.5,19529.0,1.046e+23,66.678,5.112
TARP,9962,2003-10-31 22:24:00,2003-11-01 22:24:00,True,M3.2|C4.0|M1.0|X8.3,15.5,19102.0,1.025e+23,65.991,5.072
TARP,9962,2003-11-01 00:00:00,2003-11-02 00:00:00,True,C4.0|M1.0|X8.3,47.5,18742.0,1.011e+23,65.85,5.073
TARP,6173,2001-09-14 12:48:00,2001-09-15 12:48:00,False,,0.0,1755.0,3.739e+21,39.604,0.0
TARP,6173,2001-09-15 16:00:00,2001-09-16 16:00:00,False,,0.0,2199.0,4.148e+21,37.682,0.0
TARP,13200,2009-12-20 12:48:00,2009-12-21 12:48:00,False,,0.0,980.0,2.373e+21,48.89,2.194
TARP,6381,2001-10-19 14:24:00,2001-10-20 14:24:00,False,,0.0,2728.0,1.019e+22,49.372,3.908
TARP,9950,2003-10-20 22:24:00,2003-10-21 22:24:00,False,,0.0,4730.0,1.304e+22,56.511,3.315
TARP,10722,2004-08-18 01:36:00,2004-08-19 01:36:00,False,,0.0,1607.0,3.161e+21,39.675,0.0
TARP,9202,2003-03-06 01:36:00,2003-03-07 01:36:00,False,,0.0,3718.0,9.584e+21,49.408,2.942
TARP,10502,2004-04-29 12:48:00,2004-04-30 12:48:00,False,,0.0,3656.0,9.028e+21,43.655,0.0
TARP,2578,1999-10-31 16:00:00,1999-11-01 16:00:00,False,,0.0,826.0,1.947e+21,47.721,0.0
TARP,13553,2010-08-06 09:36:00,2010-08-07 09:36:00,False,,0.0,2256.0,5.469e+21,50.279,0.0
TARP,3001,2000-02-03 01:36:00,2000-02-04 01:36:00,False,,0.0,3593.0,1.043e+22,55.454,3.144
TARP,9235,2003-03-10 03:12:00,2003-03-11 03:12:00,False,,0.0,2195.0,7.461e+21,63.385,3.547
TARP,7352,2002-03-09 17:36:00,2002-03-10 17:36:00,False,,0.0,10255.0,2.768e+22,48.512,2.849
TARP,8918,2002-12-29 06:24:00,2002-12-30 06:24:00,False,,0.0,1994.0,6.069e+21,61.148,3.612
TARP,6579,2001-11-19 17:36:00,2001-11-20 17:36:00,False,,0.0,3068.0,1.171e+22,66.055,0.0
TARP,9143,2003-02-20 03:12:00,2003-02-21 03:12:00,False,,0.0,2176.0,6.301e+21,61.131,3.308
TARP,9143,2003-02-21 09:36:00,2003-02-22 09:36:00,False,,0.0,2009.0,5.18e+21,49.253,2.499
TARP,8543,2002-10-17 04:48:00,2002-10-18 04:48:00,False,,0.0,4811.0,1.35e+22,58.47,3.458
TARP,3888,2000-07-05 08:00:00,2000-07-06 08:00:00,False,,0.0,16400.0,6.398e+22,67.501,4.387
TARP,3888,2000-07-06 01:36:00,2000-07-07 01:36:00,False,,0.0,17590.0,6.819e+22,68.709,4.512
TARP,5588,2001-05-07 01:36:00,2001-05-08 01:36:00,False,,0.0,4983.0,1.463e+22,55.547,0.0
TARP,6180,2001-09-18 14:24:00,2001-09-19 14:24:00,False,,0.0,11095.0,4.405e+22,56.993,4.035
TARP,285,1997-03-12 09:36:00,1997-03-13 09:36:00,False,,0.0,5199.0,1.612e+22,47.243,0.0
TARP,8605,2002-10-26 11:12:00,2002-10-27 11:12:00,False,,0.0,3706.0,1.052e+22,46.908,3.528
TARP,8605,2002-10-26 19:12:00,2002-10-27 19:12:00,False,,0.0,4707.0,1.337e+22,51.508,2.826
TARP,4863,2000-12-23 03:12:00,2000-12-24 03:12:00,False,,0.0,7623.0,2.585e+22,55.531,2.587
TARP,10765,2004-08-31 04:48:00,2004-09-01 04:48:00,False,,0.0,6162.0,1.455e+22,46.865,2.449
TARP,9535,2003-06-07 22:24:00,2003-06-08 22:24:00,True,C1.3|C2.8|C3.0|C3.3|C4.0|M4.7|C5.3|C5.9|C5.4|C9.4|C3.4|C7.1|C4.8|X1.7|M1.4,25.8,11257.0,7.067e+22,94.854,5.182
TARP,9535,2003-06-08 00:00:00,2003-06-09 00:00:00,True,C2.8|C3.0|C3.3|C4.0|M4.7|C5.3|C5.9|C5.4|C9.4|C3.4|C7.1|C4.8|X1.7|M1.4,27.1,11319.0,7.074e+22,94.84,5.15
TARP,9535,2003-06-08 01:36:00,2003-06-09 01:36:00,True,C2.8|C3.0|C3.3|C4.0|M4.7|C5.3|C5.9|C5.4|C9.4|C3.4|C7.1|C4.8|X1.7|M1.4,27.1,11275.0,7.075e+22,92.483,5.185
TARP,9535,2003-06-08 03:12:00,2003-06-09 03:12:00,True,C2.8|C3.0|C3.3|C4.0|M4.7|C5.3|C5.9|C5.4|C9.4|C3.4|C7.1|C4.8|X1.7|M1.4|C3.0|C3.3|M2.0,27.1,11353.0,7.133e+22,94.382,5.152
TARP,9535,2003-06-08 04:48:00,2003-06-09 04:48:00,True,C3.0|C3.3|C4.0|M4.7|C5.3|C5.9|C5.4|C9.4|C3.4|C7.1|C4.8|X1.7|M1.4|C3.0|C3.3|M2.0,22.4,11403.0,7.173e+22,90.966,5.113
TARP,9535,2003-06-08 06:24:00,2003-06-09 06:24:00,True,C3.0|C3.3|C4.0|M4.7|C5.3|C5.9|C5.4|C9.4|C3.4|C7.1|C4.8|X1.7|M1.4|C3.0|C3.3|M2.0,13.2,11458.0,7.259e+22,91.036,5.134
TARP,9535,2003-06-08 08:00:00,2003-06-09 08:00:00,True,C3.3|C4.0|M4.7|C5.3|C5.9|C5.4|C9.4|C3.4|C7.1|C4.8|X1.7|M1.4|C3.0|C3.3|M2.0,10.1,11448.0,7.365e+22,93.881,5.107
TARP,9535,2003-06-08 09:36:00,2003-06-09 09:36:00,True,C4.0|M4.7|C5.3|C5.9|C5.4|C9.4|C3.4|C7.1|C4.8|X1.7|M1.4|C3.0|C3.3|M2.0|M2.7,13.4,11508.0,7.446e+22,94.496,5.196
TARP,9535,2003-06-08 11:12:00,2003-06-09 11:12:00,True,M4.7|C5.3|C5.9|C5.4|C9.4|C3.4|C7.1|C4.8|X1.7|M1.4|C3.0|C3.3|M2.0|M2.7|M5.1,16.1,11527.0,7.483e+22,94.905,5.222
TARP,9535,2003-06-08 12:48:00,2003-06-09 12:48:00,True,C5.3|C5.9|C5.4|C9.4|C3.4|C7.1|C4.8|X1.7|M1.4|C3.0|C3.3|M2.0|M2.7|M5.1|M2.2,63.1,11570.0,7.539e+22,94.453,5.291
TARP,9535,2003-06-08 14:24:00,2003-06-09 14:24:00,True,C5.3|C5.9|C5.4|C9.4|C3.4|C7.1|C4.8|X1.7|M1.4|C3.0|C3.3|M2.0|M2.7|M5.1|M2.2|M2.2,61.4,11598.0,7.618e+22,94.761,5.269
TARP,9535,2003-06-08 16:00:00,2003-06-09 16:00:00,True,C5.9|C5.4|C9.4|C3.4|C7.1|C4.8|X1.7|M1.4|C3.0|C3.3|M2.0|M2.7|M5.1|M2.2|M2.2,66.7,11653.0,7.648e+22,92.309,5.283
TARP,9535,2003-06-08 17:36:00,2003-06-09 17:36:00,True,C9.4|C3.4|C7.1|C4.8|X1.7|M1.4|C3.0|C3.3|M2.0|M2.7|M5.1|M2.2|M2.2|M1.0|M3.9,78.0,11663.0,7.665e+22,92.977,5.346
TARP,9535,2003-06-08 19:12:00,2003-06-09 19:12:00,True,C3.4|C7.1|C4.8|X1.7|M1.4|C3.0|C3.3|M2.0|M2.7|M5.1|M2.2|M2.2|M1.0|M3.9|M5.6,87.4,11650.0,7.64e+22,92.443,5.352
TARP,9535,2003-06-08 20:48:00,2003-06-09 20:48:00,True,C7.1|C4.8|X1.7|M1.4|C3.0|C3.3|M2.0|M2.7|M5.1|M2.2|M2.2|M1.0|M3.9|M5.6,90.8,11658.0,7.69e+22,94.722,5.35
TARP,9535,2003-06-09 00:00:00,2003-06-10 00:00:00,True,C3.0|C3.3|M2.0|M2.7|M5.1|M2.2|M2.2|M1.0|M3.9|M5.6|M1.0|X1.3,285.4,11671.0,7.603e+22,92.61,5.341
TARP,9535,2003-06-09 01:36:00,2003-06-10 01:36:00,True,C3.0|C3.3|M2.0|M2.7|M5.1|M2.2|M2.2|M1.0|M3.9|M5.6|M1.0|X1.3,285.4,11722.0,7.655e+22,94.761,5.332
TARP,9535,2003-06-09 03:12:00,2003-06-10 03:12:00,True,M2.7|M5.1|M2.2|M2.2|M1.0|M3.9|M5.6|M1.0|X1.3|M1.8,311.7,11812.0,7.651e+22,93.041,5.316
TARP,9535,2003-06-09 04:48:00,2003-06-10 04:48:00,True,M2.7|M5.1|M2.2|M2.2|M1.0|M3.9|M5.6|M1.0|X1.3|M1.8|C8.1,308.9,11804.0,7.563e+22,89.349,5.281
TARP,9535,2003-06-09 06:24:00,2003-06-10 06:24:00,True,M2.7|M5.1|M2.2|M2.2|M1.0|M3.9|M5.6|M1.0|X1.3|M1.8|C8.1,308.9,11823.0,7.544e+22,90.874,5.266
TARP,9535,2003-06-09 08:00:00,2003-06-10 08:00:00,True,M2.7|M5.1|M2.2|M2.2|M1.0|M3.9|M5.6|M1.0|X1.3|M1.8|C8.1,305.9,11841.0,7.495e+22,87.166,5.255
TARP,9535,2003-06-09 09:36:00,2003-06-10 09:36:00,True,M5.1|M2.2|M2.2|M1.0|M3.9|M5.6|M1.0|X1.3|M1.8|C8.1|C8.3,329.6,11833.0,7.481e+22,86.197,5.232
TARP,9535,2003-06-09 11:12:00,2003-06-10 11:12:00,True,M2.2|M2.2|M1.0|M3.9|M5.6|M1.0|X1.3|M1.8|C8.1|C8.3|M1.1|M1.4,376.6,11868.0,7.405e+22,84.862,5.255
TARP,9535,2003-06-09 12:48:00,2003-06-10 12:48:00,True,M2.2|M1.0|M3.9|M5.6|M1.0|X1.3|M1.8|C8.1|C8.3|M1.1|M1.4,351.6,11809.0,7.297e+22,83.971,5.259
TARP,9535,2003-06-09 14:24:00,2003-06-10 14:24:00,True,M1.0|M3.9|M5.6|M1.0|X1.3|M1.8|C8.1|C8.3|M1.1|M1.4|M2.7,373.6,11824.0,7.264e+22,82.933,5.24
TARP,9535,2003-06-09 16:00:00,2003-06-10 16:00:00,True,M1.0|M3.9|M5.6|M1.0|X1.3|M1.8|C8.1|C8.3|M1.1|M1.4|M2.7|M3.7,368.3,11827.0,7.238e+22,85.035,5.192
TARP,9535,2003-06-09 17:36:00,2003-06-10 17:36:00,True,M5.6|M1.0|X1.3|M1.8|C8.1|C8.3|M1.1|M1.4|M2.7|M3.7|M4.5,406.0,11836.0,7.196e+22,83.525,5.224
TARP,9535,2003-06-09 19:12:00,2003-06-10 19:12:00,True,M1.0|X1.3|M1.8|C8.1|C8.3|M1.1|M1.4|M2.7|M3.7|M4.5,452.6,11826.0,7.161e+22,83.41,5.202
TARP,9535,2003-06-09 20:48:00,2003-06-10 20:48:00,True,M1.0|X1.3|M1.8|C8.1|C8.3|M1.1|M1.4|M2.7|M3.7|M4.5|X1.6,449.2,11791.0,7.107e+22,82.254,5.205
TARP,9535,2003-06-09 22:24:00,2003-06-10 22:24:00,True,X1.3|M1.8|C8.1|C8.3|M1.1|M1.4|M2.7|M3.7|M4.5|X1.6|M2.9,263.3,11736.0,7.059e+22,80.494,5.181
TARP,9535,2003-06-10 00:00:00,2003-06-11 00:00:00,True,M1.8|C8.1|C8.3|M1.1|M1.4|M2.7|M3.7|M4.5|X1.6|M2.9,393.3,11713.0,6.992e+22,79.505,5.182
TARP,9535,2003-06-10 01:36:00,2003-06-11 01:36:00,True,M1.8|C8.1|C8.3|M1.1|M1.4|M2.7|M3.7|M4.5|X1.6|M2.9|M7.3,393.3,11745.0,6.989e+22,76.128,5.18
TARP,9535,2003-06-10 03:12:00,2003-06-11 03:12:00,True,C8.1|C8.3|M1.1|M1.4|M2.7|M3.7|M4.5|X1.6|M2.9|M7.3,385.0,11783.0,6.934e+22,74.708,5.132
TARP,9535,2003-06-10 04:48:00,2003-06-11 04:48:00,True,C8.3|M1.1|M1.4|M2.7|M3.7|M4.5|X1.6|M2.9|M7.3,393.1,11834.0,6.874e+22,73.019,5.119
TARP,9535,2003-06-10 06:24:00,2003-06-11 06:24:00,True,C8.3|M1.1|M1.4|M2.7|M3.7|M4.5|X1.6|M2.9|M7.3,393.1,11857.0,6.836e+22,72.519,5.133
TARP,9535,2003-06-10 08:00:00,2003-06-11 08:00:00,True,C8.3|M1.1|M1.4|M2.7|M3.7|M4.5|X1.6|M2.9|M7.3|C6.1,393.1,11813.0,6.822e+22,75.349,5.109
TARP,9535,2003-06-10 09:36:00,2003-06-11 09:36:00,True,M1.1|M1.4|M2.7|M3.7|M4.5|X1.6|M2.9|M7.3|C6.1|C7.2,374.4,11759.0,6.744e+22,74.852,5.067
TARP,9535,2003-06-10 11:12:00,2003-06-11 11:12:00,True,M2.7|M3.7|M4.5|X1.6|M2.9|M7.3|C6.1|C7.2|C8.1,348.4,11762.0,6.673e+22,73.808,5.087
TARP,9535,2003-06-10 12:48:00,2003-06-11 12:48:00,True,M2.7|M3.7|M4.5|X1.6|M2.9|M7.3|C6.1|C7.2|C8.1,326.4,11659.0,6.608e+22,72.847,5.044
TARP,8086,2002-07-12 19:12:00,2002-07-13 19:12:00,False,,0.0,434.0,9.401e+20,50.809,0.0
TARP,3938,2000-07-11 00:00:00,2000-07-12 00:00:00,False,,0.0,1067.0,3.406e+21,51.459,3.572
TARP,1098,1998-05-16 19:12:00,1998-05-17 19:12:00,False,,0.0,7798.0,3.109e+22,62.282,3.378
TARP,8761,2002-11-30 17:36:00,2002-12-01 17:36:00,False,,0.0,10880.0,2.886e+22,49.362,0.0
TARP,2983,2000-01-28 03:12:00,2000-01-29 03:12:00,False,,0.0,2318.0,5.727e+21,50.291,0.0
TARP,11188,2005-02-09 16:00:00,2005-02-10 16:00:00,False,,0.0,3046.0,9.047e+21,55.422,3.203
TARP,11188,2005-02-09 20:48:00,2005-02-10 20:48:00,False,,0.0,3015.0,8.949e+21,55.289,0.0
TARP,6045,2001-08-13 17:36:00,2001-08-14 17:36:00,False,,0.0,796.0,1.867e+21,42.249,0.0
TARP,6045,2001-08-16 06:24:00,2001-08-17 06:24:00,False,,0.0,3137.0,7.918e+21,48.344,2.078
TARP,6045,2001-08-18 09:36:00,2001-08-19 09:36:00,False,,0.0,2424.0,5.624e+21,42.655,0.0
TARP,2443,1999-10-03 12:48:00,1999-10-04 12:48:00,False,,0.0,3295.0,8.207e+21,46.214,0.0
TARP,2443,1999-10-04 08:00:00,1999-10-05 08:00:00,False,,0.0,3155.0,7.341e+21,44.685,0.0
TARP,2443,1999-10-05 04:48:00,1999-10-06 04:48:00,False,,0.0,2558.0,5.581e+21,41.373,0.0
TARP,10086,2003-11-29 14:24:00,2003-11-30 14:24:00,False,,0.0,5216.0,1.605e+22,54.868,3.488
TARP,8046,2002-07-07 09:36:00,2002-07-08 09:36:00,False,,0.0,1330.0,3.134e+21,49.594,3.215
TARP,11928,2006-04-17 16:00:00,2006-04-18 16:00:00,False,,0.0,2244.0,5.469e+21,47.732,0.0
TARP,11928,2006-04-20 22:24:00,2006-04-21 22:24:00,False,,0.0,2302.0,5.841e+21,51.197,0.0
TARP,3994,2000-07-25 11:12:00,2000-07-26 11:12:00,False,,0.0,1703.0,4.279e+21,52.144,0.0
TARP,3994,2000-07-26 16:00:00,2000-07-27 16:00:00,False,,0.0,1480.0,3.147e+21,43.104,0.0
TARP,10714,2004-08-09 19:12:00,2004-08-10 19:12:00,False,,0.0,1199.0,3.294e+21,55.563,2.992
TARP,7944,2002-06-18 09:36:00,2002-06-19 09:36:00,False,,0.0,19263.0,5.567e+22,53.277,2.5
TARP,12092,2006-08-10 16:00:00,2006-08-11 16:00:00,False,,0.0,2028.0,4.497e+21,43.434,0.0
TARP,322,1997-04-09 12:48:00,1997-04-10 12:48:00,False,,0.0,2368.0,8.864e+21,48.781,3.414
TARP,2759,1999-12-14 17:36:00,1999-12-15 17:36:00,False,,0.0,19519.0,6.037e+22,54.354,2.886
TARP,5833,2001-07-02 09:36:00,2001-07-03 09:36:00,False,,0.0,3312.0,8.625e+21,46.084,0.0
TARP,7316,2002-03-03 11:12:00,2002-03-04 11:12:00,False,,0.0,2003.0,6.066e+21,53.76,2.924
TARP,7316,2002-03-09 11:12:00,2002-03-10 11:12:00,False,,0.0,2930.0,6.205e+21,49.269,3.627
TARP,3505,2000-04-22 20:48:00,2000-04-23 20:48:00,False,,0.0,3992.0,1.831e+22,66.496,4.128
TARP,10522,2004-05-03 03:12:00,2004-05-04 03:12:00,False,,0.0,1474.0,3.522e+21,44.129,2.937
TARP,3194,2000-03-04 16:00:00,2000-03-05 16:00:00,False,,0.0,4264.0,1.229e+22,50.818,2.556
TARP,3194,2000-03-05 20:48:00,2000-03-06 20:48:00,False,,0.0,4038.0,1.113e+22,50.489,2.903
TARP,11129,2005-01-23 14:24:00,2005-01-24 14:24:00,False,,0.0,2051.0,6.128e+21,55.188,0.0
TARP,10276,2004-02-08 19:12:00,2004-02-09 19:12:00,False,,0.0,4907.0,1.393e+22,43.997,3.092
TARP,5524,2001-04-26 22:24:00,2001-04-27 22:24:00,False,,0.0,1112.0,2.115e+21,42.342,2.517
TARP,1948,1999-06-15 22:24:00,1999-06-16 22:24:00,False,,0.0,4516.0,1.971e+22,63.859,3.783
TARP,9624,2003-07-15 04:48:00,2003-07-16 04:48:00,False,,0.0,3105.0,8.12e+21,35.035,3.242
TARP,1256,1998-10-31 01:36:00,1998-11-01 01:36:00,False,,0.0,1387.0,2.655e+21,39.175,0.0
TARP,4364,2000-10-03 04:48:00,2000-10-04 04:48:00,False,,0.0,2680.0,5.737e+21,39.443,2.88
TARP,9175,2003-02-25 19:12:00,2003-02-26 19:12:00,False,,0.0,1261.0,3.174e+21,55.876,0.0
TARP,2046,1999-07-06 09:36:00,1999-07-07 09:36:00,False,,0.0,2634.0,6.6e+21,49.911,0.0
TARP,6185,2001-09-14 17:36:00,2001-09-15 17:36:00,False,,0.0,1826.0,5.65e+21,68.528,3.63
TARP,6795,2001-12-19 12:48:00,2001-12-20 12:48:00,False,,0.0,519.0,1.312e+21,50.677,0.0
TARP,6795,2001-12-19 14:24:00,2001-12-20 14:24:00,False,,0.0,547.0,1.36e+21,50.027,0.0
TARP,4213,2000-08-25 20:48:00,2000-08-26 20:48:00,False,,0.0,1526.0,4.422e+21,49.834,3.306
TARP,4213,2000-09-02 04:48:00,2000-09-03 04:48:00,False,,0.0,2544.0,5.754e+21,38.463,0.0
TARP,7102,2002-02-02 22:24:00,2002-02-03 22:24:00,False,,0.0,2750.0,7.056e+21,55.147,2.54
TARP,7877,2002-06-07 08:00:00,2002-06-08 08:00:00,False,,0.0,5586.0,1.666e+22,54.857,3.905
TARP,13299,2010-03-01 11:12:00,2010-03-02 11:12:00,False,,0.0,2410.0,5.806e+21,51.056,0.0
TARP,10302,2004-02-13 01:36:00,2004-02-14 01:36:00,False,,0.0,4298.0,1.729e+22,64.073,3.164
TARP,10925,2004-10-29 12:48:00,2004-10-30 12:48:00,False,,0.0,1077.0,3.188e+21,60.762,0.0
TARP,3925,2000-07-08 20:48:00,2000-07-09 20:48:00,False,,0.0,7440.0,1.908e+22,51.449,2.774
TARP,678,1997-12-01 01:36:00,1997-12-02 01:36:00,False,,0.0,1389.0,2.765e+21,35.017,0.0
TARP,6118,2001-09-03 01:36:00,2001-09-04 01:36:00,False,,0.0,3526.0,9.137e+21,44.916,3.434
TARP,12711,2008-03-29 22:24:00,2008-03-30 22:24:00,False,,0.0,3839.0,1.004e+22,52.637,3.074
TARP,5087,2001-02-06 03:12:00,2001-02-07 03:12:00,False,,0.0,35742.0,1.174e+23,50.226,3.675
TARP,546,1997-10-11 00:00:00,1997-10-12 00:00:00,False,,0.0,3140.0,8.75e+21,43.828,2.071
TARP,10972,2004-11-16 20:48:00,2004-11-17 20:48:00,False,,0.0,5202.0,1.478e+22,61.005,3.609
TARP,9730,2003-08-06 11:12:00,2003-08-07 11:12:00,False,,0.0,2524.0,8.781e+21,56.926,3.646
TARP,9730,2003-08-12 16:00:00,2003-08-13 16:00:00,False,,0.0,3313.0,9.95e+21,46.747,3.101
TARP,9178,2003-03-01 00:00:00,2003-03-02 00:00:00,False,,0.0,1085.0,2.486e+21,47.577,0.0
TARP,5364,2001-04-03 09:36:00,2001-04-04 09:36:00,False,,0.0,17367.0,5e+22,52.939,3.436
TARP,2306,1999-08-31 11:12:00,1999-09-01 11:12:00,False,,0.0,552.0,1.075e+21,48.105,3.232
TARP,4285,2000-09-14 14:24:00,2000-09-15 14:24:00,False,,0.0,6428.0,1.575e+22,38.455,0.0
TARP,9186,2003-03-05 12:48:00,2003-03-06 12:48:00,False,,0.0,13963.0,4.425e+22,57.579,0.0
TARP,11917,2006-04-13 22:24:00,2006-04-14 22:24:00,False,,0.0,2909.0,7.116e+21,44.199,0.0
TARP,11917,2006-04-20 22:24:00,2006-04-21 22:24:00,False,,0.0,1045.0,2.333e+21,40.432,0.0
TARP,5978,2001-08-06 19:12:00,2001-08-07 19:12:00,False,,0.0,4452.0,1.08e+22,43.374,0.0
TARP,5978,2001-08-08 19:12:00,2001-08-09 19:12:00,False,,0.0,2372.0,5.324e+21,31.821,0.0
TARP,9351,2003-04-13 06:24:00,2003-04-14 06:24:00,False,,0.0,4299.0,1.355e+22,53.422,3.57
TARP,9544,2003-06-08 00:00:00,2003-06-09 00:00:00,False,,0.0,3529.0,1.479e+22,77.153,3.621
TARP,1873,1999-06-01 09:36:00,1999-06-02 09:36:00,False,,0.0,8878.0,4.448e+22,68.176,3.759
TARP,1873,1999-06-06 17:36:00,1999-06-07 17:36:00,False,,0.0,5052.0,1.493e+22,46.749,3.94
TARP,661,1997-11-24 09:36:00,1997-11-25 09:36:00,False,,0.0,2821.0,6.376e+21,36.001,0.0
TARP,3307,2000-03-21 11:12:00,2000-03-22 11:12:00,False,,0.0,1232.0,3.092e+21,40.154,0.0
TARP,3161,2000-02-26 20:48:00,2000-02-27 20:48:00,False,,0.0,2787.0,9.293e+21,64.192,3.547
TARP,1818,1999-05-19 14:24:00,1999-05-20 14:24:00,False,,0.0,1947.0,5.15e+21,56.355,3.126
TARP,6296,2001-10-03 08:00:00,2001-10-04 08:00:00,False,,0.0,3244.0,7.872e+21,41.116,0.0
TARP,13184,2009-12-14 00:00:00,2009-12-15 00:00:00,False,,0.0,2658.0,6.66e+21,52.763,0.0
TARP,13184,2009-12-18 01:36:00,2009-12-19 01:36:00,False,,0.0,833.0,1.616e+21,29.797,0.0
TARP,11556,2005-08-21 19:12:00,2005-08-22 19:12:00,False,,0.0,2045.0,4.786e+21,48.34,0.0
TARP,11556,2005-08-25 20:48:00,2005-08-26 20:48:00,False,,0.0,2553.0,6.256e+21,48.548,1.894
TARP,9645,2003-07-20 01:36:00,2003-07-21 01:36:00,False,,0.0,1166.0,3.635e+21,56.256,0.0
TARP,9645,2003-07-22 06:24:00,2003-07-23 06:24:00,False,,0.0,989.0,2.869e+21,52.52,0.0
TARP,9323,2003-04-11 06:24:00,2003-04-12 06:24:00,False,,0.0,7204.0,2.854e+22,60.429,4.183
TARP,9062,2003-01-31 22:24:00,2003-02-01 22:24:00,False,,0.0,6330.0,1.71e+22,50.448,2.989
TARP,9062,2003-02-04 20:48:00,2003-02-05 20:48:00,False,,0.0,7358.0,1.859e+22,48.06,2.715
TARP,11091,2004-12-30 01:36:00,2004-12-31 01:36:00,True,C5.7|B7.2|M1.2|C6.8|B2.7|X1.7,81.3,3888.0,1.622e+22,68.504,4.548
TARP,11091,2004-12-30 03:12:00,2004-12-31 03:12:00,True,C5.7|B7.2|M1.2|C6.8|B2.7|X1.7,81.3,3918.0,1.646e+22,68.799,4.532
TARP,11091,2004-12-30 04:48:00,2004-12-31 04:48:00,True,B7.2|M1.2|C6.8|B2.7|X1.7,86.4,4001.0,1.68e+22,71.65,4.446
TARP,11091,2004-12-30 08:00:00,2004-12-31 08:00:00,True,B7.2|M1.2|C6.8|B2.7|X1.7,82.3,4160.0,1.697e+22,68.359,4.454
TARP,11091,2004-12-30 09:36:00,2004-12-31 09:36:00,True,B7.2|M1.2|C6.8|B2.7|X1.7|B7.8,81.7,4242.0,1.704e+22,67.045,4.415
TARP,11091,2004-12-30 11:12:00,2004-12-31 11:12:00,True,B7.2|M1.2|C6.8|B2.7|X1.7|B7.8,58.4,4376.0,1.752e+22,69.833,4.468
TARP,11091,2004-12-30 12:48:00,2004-12-31 12:48:00,True,M1.2|C6.8|B2.7|X1.7|B7.8,56.5,4464.0,1.764e+22,70.296,4.463
TARP,11091,2004-12-30 14:24:00,2004-12-31 14:24:00,True,M1.2|C6.8|B2.7|X1.7|B7.8|C1.2,55.5,4543.0,1.761e+22,69.245,4.476
TARP,11091,2004-12-30 16:00:00,2004-12-31 16:00:00,True,B2.7|X1.7|B7.8|C1.2|B6.2,73.7,4597.0,1.759e+22,70.035,4.433
TARP,8508,2002-10-06 04:48:00,2002-10-07 04:48:00,False,,0.0,1516.0,4.665e+21,65.323,0.0
TARP,11749,2005-12-26 01:36:00,2005-12-27 01:36:00,False,,0.0,3997.0,9.958e+21,45.916,3.406
TARP,8425,2002-09-23 04:48:00,2002-09-24 04:48:00,False,,0.0,2769.0,1.727e+22,88.911,4.539
TARP,1793,1999-05-11 03:12:00,1999-05-12 03:12:00,False,,0.0,5758.0,1.668e+22,57.658,3.874
TARP,1793,1999-05-12 20:48:00,1999-05-13 20:48:00,False,,0.0,5900.0,1.642e+22,58.517,3.249
TARP,6000,2001-08-10 14:24:00,2001-08-11 14:24:00,False,,0.0,2718.0,8.189e+21,40.51,3.672
TARP,6158,2001-09-13 19:12:00,2001-09-14 19:12:00,False,,0.0,4287.0,1.244e+22,45.956,3.338
TARP,3082,2000-02-13 22:24:00,2000-02-14 22:24:00,False,,0.0,4302.0,1.048e+22,43.162,0.0
TARP,3082,2000-02-15 20:48:00,2000-02-16 20:48:00,False,,0.0,4029.0,9.177e+21,47.137,0.0
TARP,9009,2003-01-22 04:48:00,2003-01-23 04:48:00,False,,0.0,4367.0,1.117e+22,52.126,3.225
TARP,9009,2003-01-24 11:12:00,2003-01-25 11:12:00,False,,0.0,2153.0,4.714e+21,39.8,0.0
TARP,703,1997-12-11 04:48:00,1997-12-12 04:48:00,False,,0.0,1316.0,3.357e+21,51.643,3.042
TARP,5118,2001-02-04 22:24:00,2001-02-05 22:24:00,False,,0.0,735.0,1.288e+21,40.89,0.0
TARP,4843,2000-12-14 12:48:00,2000-12-15 12:48:00,False,,0.0,1561.0,3.631e+21,43.725,3.016
TARP,1607,1999-03-22 12:48:00,1999-03-23 12:48:00,False,,0.0,681.0,1.806e+21,50.964,0.0
TARP,8668,2002-11-09 16:00:00,2002-11-10 16:00:00,False,,0.0,9208.0,3.704e+22,67.5,3.907
